co_fat_cidadao_pec,no_cidadao,dt_registro_nascimento,ds_sexo,nu_cns,nu_cpf_cidadao,nu_telefone_celular,st_faleceu,dt_ultima_atualizacao_cidadao,st_diabetes_diagnosticada,st_hipertensao_diagnosticada,nu_ine,no_equipe,data_ultimo_atend_individual,equipe_ine_atendimento,equipe_nome_atendimento,nu_atend_ubs_ultimos_12_meses,data_transmissao
700001,FULANO GUIMARAES,1953-09-13,MASCULINO,809128729848533,21538306809,(17) 91656-3636,0,2024-09-06 10:30:00,1,1,0001234568,ESF 2,2026-04-25,0001234568,ESF 2,7,2026-08-01
700002,SICRANA DA QUEIROZ,1957-04-02,FEMININO,841697025738919,02143265001,(16) 93876-5699,0,2025-11-30 08:45:00,0,1,0001234567,ESF  1 ,2025-01-11,0001234567,ESF  1 ,0,2026-08-01
700003,BELTRANO GALVAO DOS VALADARES,1956-01-16,MASCULINO,776522362311604,86608325402,(14) 95364-3598,0,2025-07-22 11:00:00,1,1,0001234570,ESF 4,2026-06-05,0001234570,ESF 4,3,2026-08-01
700004,CICRANO TEIXEIRA DA SALGADO,1960-03-07,MASCULINO,867782033144585,67869832007,(16) 98646-7753,0,2025-03-11 12:00:00,0,1,0001234573,ESF 7,2026-06-27,0001234573,ESF 7,4,2026-08-01
700005,SICRANA NOGUEIRA DE MARINHO,1949-12-21,FEMININO,756252719727040,96575879218,(13) 94452-8509,0,2026-01-09 16:20:00,0,1,0001234568,ESF 2,2025-11-25,0001234568,ESF 2,3,2026-08-01
700006,SICRANA NOGUEIRA QUEIROZ,1968-01-07,FEMININO,831578215449000,38618155404,(17) 97462-7109,0,2025-09-12 12:20:00,0,1,0001234569,ESF 3,2024-07-14,0001234569,ESF 3,0,2026-08-01
700007,SICRANO DE HUNGRIA,1952-09-23,MASCULINO,829091055841716,11449418652,(16) 91613-4530,0,2026-04-10 08:00:00,1,1,0001234572,ESF 5,2026-03-14,0001234572,ESF 5,1,2026-08-01
700008,FULANO ORNELAS GALVAO,1963-03-04,MASCULINO,757353879917059,46233093717,(16) 91153-9753,0,2024-10-01 14:15:00,1,1,0001234568,ESF 2,2023-04-27,0001234568,ESF 2,0,2026-08-01
700009,FULANO CARVALHO DE SALGADO,1968-07-09,MASCULINO,791691579955459,60173439633,(17) 93812-5594,0,2025-04-21 11:20:00,0,1,0001234570,ESF 4,2026-03-02,0001234570,ESF 4,7,2026-08-01
700010,FULANA REZENDE BITTENCOURT,1986-01-14,FEMININO,869554003869878,13352279382,(19) 94866-5194,0,2025-02-02 15:00:00,0,1,0001234568,ESF 2,2024-06-04,0001234568,ESF 2,0,2026-08-01
700011,BELTRANO ALBUQUERQUE DE GALVAO,1948-09-18,MASCULINO,887150632005408,31865634299,(16) 93454-7795,0,2025-07-17 11:40:00,1,1,0001234572,ESF 5,2026-05-12,0001234572,ESF 5,9,2026-08-01
700012,,1948-03-25,FEMININO,782181970950910,54375436701,(11) 97849-2591,0,2024-12-06 08:30:00,0,1,0001234567,ESF  1 ,2025-12-07,0001234567,ESF  1 ,1,2026-08-01
700013,FULANO DA PEIXOTO,1943-10-22,MASCULINO,875626778179832,64046945061,(19) 91646-7650,0,2025-08-17 10:20:00,1,1,0001234568,ESF 2,2026-02-08,0001234568,ESF 2,3,2026-08-01
700014,CICRANA DANTAS DA QUINTELA,1949-04-13,FEMININO,866635807850862,69756054671,(16) 98559-5487,0,2024-09-11 09:40:00,0,1,0001234569,ESF 3,2026-02-28,0001234569,ESF 3,7,2026-08-01
700015,SICRANA DE ALBUQUERQUE,1957-11-23,FEMININO,836495738263806,32233684002,(19) 91822-3140,0,2026-02-28 11:10:00,0,1,0001234572,ESF 5,2026-06-15,0001234572,ESF 5,5,2026-08-01
700016,SICRANA LACERDA CORDEIRO,1987-02-28,FEMININO,729898879844311,15973292232,(19) 95281-3941,0,2025-03-31 09:10:00,1,1,0001234572,ESF 5,2026-04-25,0001234572,ESF 5,3,2026-08-01
700017,FULANA MESQUITA,1979-10-24,FEMININO,780314800048116,41270923359,(16) 94159-1139,0,2025-11-07 08:30:00,0,1,0001234572,ESF 5,2026-05-19,0001234572,ESF 5,1,2026-08-01
700018,BELTRANA QUEIROZ,1977-01-23,FEMININO,840946261654253,19370123793,(16) 94536-7170,0,2026-01-02 15:45:00,0,1,0001234570,ESF 4,2026-07-14,0001234570,ESF 4,2,2026-08-01
700019,CICRANA DE QUINTELA,1948-12-09,FEMININO,812385429036153,44601918309,(18) 97919-8793,0,2025-03-27 11:00:00,1,1,0001234570,ESF 4,2025-08-30,0001234570,ESF 4,1,2026-08-01
700020,SICRANA CORDEIRO ORNELAS,1978-02-19,FEMININO,746173337529444,99180766073,(15) 99325-4621,0,2025-06-22 14:40:00,0,1,0001234568,ESF 2,2026-05-27,0001234568,ESF 2,2,2026-08-01
700021,FULANA XAVIER ALBUQUERQUE,1938-05-24,FEMININO,713405050166062,47480167602,(12) 97067-7463,0,2025-08-04 10:15:00,0,1,0001234567,ESF  1 ,2025-12-15,0001234567,ESF  1 ,1,2026-08-01
700022,SICRANA DANTAS CARVALHO,1955-01-04,FEMININO,770415910167070,44034920450,(11) 91579-5169,0,2024-12-28 12:45:00,0,1,0001234569,ESF 3,2025-02-06,0001234569,ESF 3,0,2026-08-01
700023,BELTRANA LACERDA MESQUITA,1975-10-02,FEMININO,761187729452462,57929348351,(19) 94433-8843,0,2025-12-02 13:10:00,1,1,0001234571,ESF 5,2025-03-06,0001234571,ESF 5,0,2026-08-01
700024,FULANA DE SAMPAIO,1954-12-03,FEMININO,742940971006258,26920971659,(19) 95800-8631,0,2026-07-10 10:15:00,1,1,0001234572,ESF 5,2026-07-05,0001234572,ESF 5,4,2026-08-01
700025,BELTRANO DE MESQUITA,1940-06-12,MASCULINO,708084474339778,81889148602,(15) 97264-7327,0,2024-11-05 16:00:00,0,1,0001234567,ESF  1 ,2023-07-22,0001234567,ESF  1 ,0,2026-08-01
700026,SICRANO JARDIM NOGUEIRA,1939-07-01,MASCULINO,781805744387345,95723775406,(15) 98606-7544,0,2025-07-24 14:50:00,0,1,0001234571,ESF 5,2024-10-25,0001234571,ESF 5,0,2026-08-01
700027,FULANA NOGUEIRA,1938-10-13,FEMININO,891694016124516,73558481942,(17) 98776-6341,0,2025-07-12 10:40:00,0,1,0001234571,ESF 5,2026-03-16,0001234571,ESF 5,8,2026-08-01
700028,CICRANA DOS PEIXOTO,1966-06-02,FEMININO,720547278729540,95424432001,(18) 95798-8521,0,2024-09-19 09:10:00,0,1,0001234573,ESF 7,2026-07-31,0001234573,ESF 7,7,2026-08-01
700029,FULANA ESCOBAR VALADARES,1938-02-17,FEMININO,846656161046580,78600104883,(18) 95835-1607,0,2026-05-22 11:30:00,0,1,0001234573,ESF 7,2022-08-12,0001234573,ESF 7,0,2026-08-01
700030,FULANO CORDEIRO DA NOVAES,1949-05-05,MASCULINO,862900422540086,90080614737,(12) 98261-8802,0,2025-03-18 12:20:00,0,1,0001234568,ESF 2,2026-05-28,0001234568,ESF 2,1,2026-08-01
700031,BELTRANO TEIXEIRA,1968-05-11,MASCULINO,762522081176479,12261403861,(12) 94786-3507,0,2024-10-27 11:15:00,0,1,0001234568,ESF 2,2025-03-28,0001234568,ESF 2,0,2026-08-01
700032,FULANO FURTADO DOS JARDIM,1937-04-25,MASCULINO,731496903524026,37182514509,(11) 97675-9622,0,2025-07-29 11:45:00,0,1,0001234569,ESF 3,2026-07-27,0001234569,ESF 3,2,2026-08-01
700033,FULANA ESTEVES MARINHO,1985-02-26,FEMININO,862175865874083,32301722059,(15) 98689-2830,0,2026-05-19 11:10:00,0,1,0001234573,ESF 7,2026-06-02,0001234573,ESF 7,6,2026-08-01
700034,CICRANO DE BANDEIRA,1984-12-07,MASCULINO,871334347394901,39941170623,(16) 96231-4862,0,2026-07-28 16:15:00,1,1,0001234573,ESF 7,2025-12-14,0001234573,ESF 7,1,2026-08-01
700035,SICRANO TAVARES LACERDA,1964-10-20,MASCULINO,728968401413317,85930499234,(16) 95524-6062,0,2025-11-24 13:45:00,0,1,0001234568,ESF 2,2026-06-28,0001234568,ESF 2,4,2026-08-01
700036,CICRANO VALADARES,1976-06-06,MASCULINO,703507597510165,65805822785,(16) 97908-1305,0,2025-04-27 14:30:00,0,1,0001234573,ESF 7,2026-06-27,0001234573,ESF 7,4,2026-08-01
700037,FULANA DOS LOUREIRO,1954-01-31,FEMININO,735426613003398,66847454165,(17) 93938-9509,0,2024-12-30 13:50:00,0,1,0001234567,ESF  1 ,2023-09-13,0001234567,ESF  1 ,0,2026-08-01
700038,SICRANA UCHOA DE FONTOURA,1968-12-23,FEMININO,769611570512618,63877579753,(15) 91555-4492,0,2026-04-26 13:30:00,0,1,0001234570,ESF 4,2026-07-05,0001234570,ESF 4,2,2026-08-01
700039,SICRANA QUINTELA DE PEIXOTO,1960-06-23,FEMININO,758010131840184,56395375742,(15) 95731-5491,0,2024-12-06 14:00:00,0,1,0001234567,ESF  1 ,2026-04-05,0001234567,ESF  1 ,4,2026-08-01
700040,FULANO DOS BITTENCOURT,1953-11-15,MASCULINO,775769746470703,84434189230,(14) 94422-3683,0,2025-08-03 09:30:00,0,1,0001234571,ESF 5,2026-06-13,0001234571,ESF 5,3,2026-08-01
700041,BELTRANA QUEIROZ XAVIER,1964-03-19,FEMININO,704181284548525,92529165123,(13) 98113-2470,0,2025-03-29 12:00:00,1,1,0001234569,ESF 3,2026-04-16,0001234569,ESF 3,2,2026-08-01
700042,FULANA BANDEIRA,1973-09-15,FEMININO,782632435603841,41031141694,(11) 92620-2609,0,2024-09-21 16:00:00,1,1,0001234572,ESF 5,2026-07-22,0001234572,ESF 5,3,2026-08-01
700043,FULANO HUNGRIA TAVARES,1949-08-02,MASCULINO,823786618654678,80727395816,(17) 97290-8266,0,2025-08-11 14:20:00,0,1,0001234570,ESF 4,2024-08-10,0001234570,ESF 4,0,2026-08-01
700044,TESTE,1938-09-09,MASCULINO,831370386998738,53284769561,(19) 97526-2478,0,2025-06-13 08:45:00,0,1,0001234572,ESF 5,2026-05-29,0001234572,ESF 5,2,2026-08-01
700045,SICRANA ESTEVES DA GALVAO,1957-01-05,FEMININO,872551004715990,03239395704,(13) 99844-4823,0,2025-09-03 13:10:00,0,1,0001234573,ESF 7,2023-08-23,0001234573,ESF 7,0,2026-08-01
700046,CICRANO DOS VASCONCELOS,1947-12-14,MASCULINO,737862052728926,40646700783,(16) 96780-4877,0,2025-10-12 08:00:00,1,1,0001234569,ESF 3,2025-06-29,0001234569,ESF 3,0,2026-08-01
700047,SICRANA VALADARES UCHOA,1955-08-03,FEMININO,837328792351770,69264697846,(15) 97746-8740,0,2026-01-26 12:50:00,1,1,0001234567,ESF  1 ,2026-03-17,0001234567,ESF  1 ,3,2026-08-01
700048,SICRANA DOS MESQUITA,1969-04-16,FEMININO,784940710829718,29862536790,(17) 93016-8860,0,2025-05-22 12:45:00,0,1,0001234567,ESF  1 ,2026-06-30,0001234567,ESF  1 ,3,2026-08-01
700049,FULANO DOS VASCONCELOS,1972-02-05,MASCULINO,702359640965212,16530410482,(18) 99466-2228,0,2025-09-13 13:00:00,0,1,0001234572,ESF 5,2025-09-19,0001234572,ESF 5,1,2026-08-01
700050,NÃO INFORMADO,1977-03-09,MASCULINO,871613276701398,08661902526,(17) 94035-9617,0,2026-05-11 11:40:00,0,1,0001234569,ESF 3,2026-02-18,0001234569,ESF 3,3,2026-08-01
700051,SICRANO GALVAO GALVAO,1956-08-25,MASCULINO,723004586434222,04864606308,(18) 94132-7759,0,2025-05-14 14:10:00,0,1,0001234567,ESF  1 ,2026-03-18,0001234567,ESF  1 ,2,2026-08-01
700052,BELTRANA NOGUEIRA,1979-10-24,FEMININO,844761821497042,34087315607,(17) 96708-6239,0,2025-12-29 13:40:00,0,1,0001234570,ESF 4,2025-11-22,0001234570,ESF 4,3,2026-08-01
700053,BELTRANO JARDIM DOS QUINTELA,1948-03-16,MASCULINO,838963776360520,34456496691,(16) 98884-1432,0,2025-02-07 11:20:00,0,1,0001234570,ESF 4,2026-04-18,0001234570,ESF 4,1,2026-08-01
700054,CICRANO SALGADO,1988-04-10,MASCULINO,801728544198778,26819962950,(18) 94434-2758,0,2025-07-21 16:40:00,1,1,0001234571,ESF 5,2026-02-28,0001234571,ESF 5,3,2026-08-01
700055,BELTRANO LOUREIRO ESCOBAR,1956-07-02,MASCULINO,856538163042351,54502859819,(14) 95440-1384,0,2026-06-29 16:30:00,0,1,0001234569,ESF 3,2023-06-28,0001234569,ESF 3,0,2026-08-01
700056,CICRANA LACERDA,1985-08-17,FEMININO,768054623999158,07743508499,(17) 97819-4644,0,2025-07-12 14:10:00,0,1,0001234568,ESF 2,2026-05-28,0001234568,ESF 2,3,2026-08-01
700057,SICRANO MARINHO,1947-04-05,MASCULINO,806501253741520,75977035463,(17) 94360-3279,0,2025-09-10 08:10:00,0,1,0001234569,ESF 3,2025-09-15,0001234569,ESF 3,1,2026-08-01
700058,FULANA DE GALVAO,1936-09-14,FEMININO,823893090493340,67007607714,(14) 95428-5919,0,2025-01-07 13:30:00,0,1,0001234570,ESF 4,2026-03-06,0001234570,ESF 4,4,2026-08-01
700059,CICRANA ESCOBAR BITTENCOURT,1954-04-23,FEMININO,788114084200140,32333318270,(17) 96629-5528,0,2024-12-15 14:50:00,0,1,0001234567,ESF  1 ,2026-06-18,0001234567,ESF  1 ,8,2026-08-01
700060,SICRANA FONTOURA JARDIM,1974-01-21,FEMININO,851361633542561,49145399183,(16) 94686-5433,0,2025-11-29 09:50:00,0,1,0001234571,ESF 5,2026-07-06,0001234571,ESF 5,3,2026-08-01
700061,CICRANA NOVAES,1976-07-11,FEMININO,803918401596179,47152086525,(16) 93563-7220,0,2026-05-23 12:20:00,1,1,0001234572,ESF 5,2026-06-10,0001234572,ESF 5,4,2026-08-01
700062,BELTRANO LOUREIRO DOS ALBUQUERQUE,1964-06-12,MASCULINO,810376391212113,05054035363,(16) 98646-7561,0,2025-11-28 10:40:00,0,1,0001234567,ESF  1 ,2026-06-05,0001234567,ESF  1 ,4,2026-08-01
700063,BELTRANA PEIXOTO,1970-07-27,FEMININO,715257429377763,92699628574,(11) 99542-8037,0,2024-11-29 11:10:00,0,1,0001234567,ESF  1 ,2026-03-15,0001234567,ESF  1 ,2,2026-08-01
700064,CICRANA DA ORNELAS,1958-09-18,FEMININO,720934079458646,90420242326,(17) 96689-4642,0,2025-02-05 12:15:00,1,1,0001234567,ESF  1 ,2026-03-30,0001234567,ESF  1 ,1,2026-08-01
700065,CICRANA ESTEVES DA BANDEIRA,1959-06-20,FEMININO,885057702238260,18199526905,(16) 91482-1328,0,2024-11-02 11:45:00,1,1,0001234572,ESF 5,2024-09-06,0001234572,ESF 5,0,2026-08-01
700066,NAO INFORMADO,1980-11-13,MASCULINO,883405134700774,21419624203,(15) 96278-1767,0,2025-12-19 13:45:00,1,1,0001234572,ESF 5,2022-12-07,0001234572,ESF 5,0,2026-08-01
700067,SICRANO DA VASCONCELOS,1983-09-22,MASCULINO,745746758271368,21994952131,(18) 99687-7314,0,2025-09-29 12:30:00,0,1,0001234567,ESF  1 ,2026-05-30,0001234567,ESF  1 ,3,2026-08-01
700068,SICRANA MESQUITA XAVIER,1970-11-03,FEMININO,885737947842134,65175668308,(17) 96625-7034,0,2025-11-05 08:30:00,0,1,0001234572,ESF 5,2026-03-25,0001234572,ESF 5,5,2026-08-01
700069,BELTRANO FURTADO TEIXEIRA,1960-04-06,MASCULINO,751091284836164,72323530578,(11) 97855-2710,0,2025-04-27 11:45:00,0,1,0001234570,ESF 4,2026-02-11,0001234570,ESF 4,2,2026-08-01
700070,BELTRANA NOVAES DA CARVALHO,1957-05-29,FEMININO,801654992569318,01067330365,(11) 96099-4325,0,2025-07-13 12:10:00,1,1,0001234568,ESF 2,2024-09-07,0001234568,ESF 2,0,2026-08-01
700071,CICRANO LOUREIRO ESTEVES,1952-05-01,MASCULINO,895167048483406,33191109774,(13) 92652-1305,0,2026-03-07 08:00:00,0,1,0001234568,ESF 2,2023-08-14,0001234568,ESF 2,0,2026-08-01
700072,TESTE TESTE,1948-07-08,FEMININO,763570173491246,60610577761,(18) 91196-4557,0,2024-09-19 08:50:00,1,1,0001234572,ESF 5,2026-04-28,0001234572,ESF 5,4,2026-08-01
700073,BELTRANO DE MARINHO,1939-05-18,MASCULINO,730461440108752,97916134943,(17) 91860-9975,0,2025-07-29 11:50:00,1,1,0001234573,ESF 7,2026-04-24,0001234573,ESF 7,4,2026-08-01
700074,SICRANO SALGADO,1982-08-13,MASCULINO,760731646861484,81441129384,(11) 97531-9544,0,2026-06-23 13:20:00,0,1,0001234572,ESF 5,2026-04-06,0001234572,ESF 5,3,2026-08-01
700075,SICRANA FONTOURA PEIXOTO,1984-02-26,FEMININO,796260809737073,63126168354,(17) 93801-2335,0,2025-09-16 10:15:00,1,1,0001234567,ESF  1 ,2026-07-27,0001234567,ESF  1 ,2,2026-08-01
700076,XXXXX,1947-02-04,MASCULINO,790845668579606,33383052304,(19) 91255-3221,0,2026-06-04 10:50:00,0,1,0001234572,ESF 5,2026-04-02,0001234572,ESF 5,2,2026-08-01
700077,BELTRANA NOVAES NOGUEIRA,1961-03-24,FEMININO,731769772810011,08986591830,(17) 91543-7126,0,2024-10-24 08:00:00,0,1,0001234567,ESF  1 ,2026-05-19,0001234567,ESF  1 ,1,2026-08-01
700078,CICRANA ALBUQUERQUE ZAMBONI,1972-08-15,FEMININO,742668779052852,47871400780,(17) 94079-8259,0,2026-03-29 15:15:00,0,1,0001234571,ESF 5,2026-06-20,0001234571,ESF 5,2,2026-08-01
700079,CICRANO DA CORDEIRO,1954-05-21,MASCULINO,769650978920020,24942172889,(17) 98732-9989,0,2025-04-12 13:20:00,0,1,0001234572,ESF 5,2026-03-20,0001234572,ESF 5,3,2026-08-01
700080,BELTRANA DOS DANTAS,1968-01-17,FEMININO,732463759609963,83087545113,(11) 98221-7705,0,2025-05-11 14:40:00,0,1,0001234573,ESF 7,2026-05-06,0001234573,ESF 7,3,2026-08-01
700081,FULANA HUNGRIA,1949-07-22,FEMININO,737578711078814,06726719800,(15) 91425-1042,0,2026-03-12 13:15:00,0,1,0001234573,ESF 7,2026-06-09,0001234573,ESF 7,3,2026-08-01
700082,CICRANA DA MESQUITA,1986-10-19,FEMININO,878938185519843,21640216147,(13) 93313-1471,0,2024-09-28 15:10:00,0,1,0001234570,ESF 4,2025-03-15,0001234570,ESF 4,0,2026-08-01
700083,BELTRANO FURTADO DA ALBUQUERQUE,1942-10-12,MASCULINO,839944597391686,21619647711,(15) 99822-1169,0,2025-03-02 08:45:00,1,1,0001234570,ESF 4,2023-03-17,0001234570,ESF 4,0,2026-08-01
700084,FULANO ORNELAS,1970-07-13,MASCULINO,774237266038421,62715135140,(17) 94408-1588,0,2025-01-03 11:20:00,0,1,0001234573,ESF 7,2026-05-24,0001234573,ESF 7,2,2026-08-01
700085,CICRANA DOS UCHOA,1971-08-06,FEMININO,803259841104583,63679913797,(13) 93337-8016,0,2025-03-18 14:30:00,0,1,0001234573,ESF 7,2026-03-22,0001234573,ESF 7,2,2026-08-01
700086,FULANO SALGADO,1938-03-03,MASCULINO,892178578888230,59919444589,(17) 99257-8591,0,2026-02-05 14:15:00,0,1,0001234569,ESF 3,2024-09-17,0001234569,ESF 3,0,2026-08-01
700087,FULANO QUEIROZ,1948-06-27,MASCULINO,865504514962589,03795661847,(16) 93868-5197,0,2025-03-04 13:15:00,1,1,0001234567,ESF  1 ,2023-11-22,0001234567,ESF  1 ,0,2026-08-01
700088,,1982-05-04,MASCULINO,712414373310281,40153766922,(13) 93034-1569,0,2025-08-06 12:20:00,0,1,0001234569,ESF 3,2026-07-09,0001234569,ESF 3,3,2026-08-01
700089,BELTRANA VALADARES DE UCHOA,1982-06-20,FEMININO,800863156678307,46519909671,(16) 95676-7888,0,2024-12-19 09:15:00,0,1,0001234569,ESF 3,2026-02-24,0001234569,ESF 3,1,2026-08-01
700090,FULANA DE BITTENCOURT,1953-10-25,FEMININO,834155000355694,75230280396,(18) 94550-7824,0,2025-08-20 15:15:00,0,1,0001234570,ESF 4,2023-09-23,0001234570,ESF 4,0,2026-08-01
700091,FULANO VALADARES,1978-11-13,MASCULINO,746502708553376,99213009705,(13) 99244-4753,0,2025-03-10 14:00:00,0,1,0001234571,ESF 5,2026-03-26,0001234571,ESF 5,1,2026-08-01
700092,FULANA PEIXOTO NOVAES,1957-11-23,FEMININO,829660118315125,85524034201,(17) 98057-6676,0,2025-01-09 16:45:00,0,1,0001234571,ESF 5,2026-06-11,0001234571,ESF 5,2,2026-08-01
700093,FULANA BITTENCOURT ALBUQUERQUE,1980-02-23,FEMININO,716025223639190,94215181101,(19) 94366-2482,0,2024-11-10 15:50:00,1,1,0001234572,ESF 5,2026-03-31,0001234572,ESF 5,4,2026-08-01
700094,SICRANO REZENDE,1951-11-19,MASCULINO,715335183977483,48484269362,(13) 93150-1172,0,2025-06-08 15:15:00,0,1,0001234567,ESF  1 ,2026-05-28,0001234567,ESF  1 ,6,2026-08-01
700095,FULANA DOS QUEIROZ,1987-09-24,FEMININO,764533937810401,70779620161,(11) 96871-1217,0,2025-06-11 10:40:00,0,1,0001234572,ESF 5,2026-05-30,0001234572,ESF 5,3,2026-08-01
700096,CICRANO VASCONCELOS ESTEVES,1967-12-24,MASCULINO,846659670724869,77106414744,(18) 91041-5600,0,2025-03-01 16:20:00,0,1,0001234568,ESF 2,2026-05-17,0001234568,ESF 2,1,2026-08-01
700097,FULANA DA VASCONCELOS,1939-04-17,FEMININO,819429917498728,72783097274,(13) 93183-6238,0,2026-06-01 16:20:00,1,1,0001234573,ESF 7,2024-02-23,0001234573,ESF 7,0,2026-08-01
700098,FULANA VALADARES,1964-09-09,FEMININO,856346772872975,43204589154,(13) 92115-3624,0,2026-07-25 08:50:00,1,1,0001234571,ESF 5,2026-02-28,0001234571,ESF 5,4,2026-08-01
700099,SICRANA DE HUNGRIA,1965-07-19,FEMININO,826772126184422,29433682450,(17) 99194-2229,0,2025-11-14 08:15:00,1,1,0001234569,ESF 3,2026-05-16,0001234569,ESF 3,4,2026-08-01
700100,FULANA REZENDE REZENDE,1938-04-01,FEMININO,879278325140812,09574638121,(18) 97284-3147,0,2026-06-05 10:40:00,0,1,0001234572,ESF 5,2026-02-26,0001234572,ESF 5,5,2026-08-01
700101,SICRANA DELGADO DA CARVALHO,1952-05-16,FEMININO,731308983197332,14083164639,(18) 97120-2999,0,2025-08-10 16:40:00,0,1,0001234570,ESF 4,2026-05-01,0001234570,ESF 4,5,2026-08-01
700102,FULANO DELGADO,1952-07-23,MASCULINO,766170607498578,58483767431,(15) 99180-1364,0,2025-06-30 16:15:00,0,1,0001234570,ESF 4,2026-07-21,0001234570,ESF 4,4,2026-08-01
700103,BELTRANA DOS TAVARES,1961-08-06,FEMININO,783304757333449,58719463139,(15) 94885-7518,0,2025-12-26 15:30:00,0,1,0001234567,ESF  1 ,2026-06-27,0001234567,ESF  1 ,4,2026-08-01
700104,FULANO HUNGRIA,1966-09-29,MASCULINO,818440627632510,96767886352,(18) 93620-9312,0,2026-04-03 09:45:00,0,1,0001234569,ESF 3,2026-06-09,0001234569,ESF 3,3,2026-08-01
700105,SICRANA DOS FONTOURA,1959-01-12,FEMININO,764706778305499,54592973039,(12) 92650-6590,0,2025-12-24 08:00:00,1,1,0001234572,ESF 5,2021-08-02,0001234572,ESF 5,0,2026-08-01
700106,SICRANA DE BANDEIRA,1964-05-12,FEMININO,860098147165215,86152437432,(14) 95142-9812,0,2025-09-30 12:45:00,1,1,0001234569,ESF 3,2026-03-18,0001234569,ESF 3,2,2026-08-01
700107,FULANA TEIXEIRA DOS JARDIM,1976-09-10,FEMININO,785371532881984,44451870110,(15) 93414-3187,0,2025-07-07 16:50:00,0,1,0001234573,ESF 7,2026-03-11,0001234573,ESF 7,3,2026-08-01
700108,CICRANO DOS QUEIROZ,1969-08-25,MASCULINO,811974160751555,52976850284,(17) 95956-9707,0,2024-10-20 15:50:00,1,1,0001234569,ESF 3,2026-07-01,0001234569,ESF 3,7,2026-08-01
700109,BELTRANA DOS MESQUITA,1985-02-28,FEMININO,729982919510996,98072091451,(19) 96470-9689,0,2025-04-16 14:20:00,1,1,0001234573,ESF 7,2026-03-03,0001234573,ESF 7,2,2026-08-01
700110,CICRANA UCHOA,1941-10-20,FEMININO,845815738578233,18896231991,(15) 92423-9941,0,2025-10-20 09:40:00,0,1,0001234570,ESF 4,2022-01-12,0001234570,ESF 4,0,2026-08-01
700111,SICRANO DE NOVAES,1962-07-27,MASCULINO,702360300481835,83326562811,(18) 97677-5981,0,2024-12-19 08:45:00,0,1,0001234572,ESF 5,2026-03-27,0001234572,ESF 5,2,2026-08-01
700112,CICRANO TAVARES FURTADO,1939-02-02,MASCULINO,826046110967943,91121535161,(18) 94506-5933,0,2024-12-30 12:45:00,0,1,0001234571,ESF 5,2026-06-20,0001234571,ESF 5,6,2026-08-01
700113,BELTRANO ORNELAS DOS NOGUEIRA,1960-02-05,MASCULINO,839262635957167,81040807683,(18) 99385-4358,0,2026-02-24 13:00:00,0,1,0001234571,ESF 5,2025-06-12,0001234571,ESF 5,0,2026-08-01
700114,CICRANA DANTAS DA TAVARES,1981-08-25,FEMININO,795059828013453,40938941918,(19) 93762-3759,0,2025-05-10 16:10:00,1,1,0001234573,ESF 7,2026-02-16,0001234573,ESF 7,8,2026-08-01
700115,CICRANO CORDEIRO TAVARES,1970-01-30,MASCULINO,829695636583821,46947613079,(16) 98190-1974,0,2025-05-19 15:00:00,1,1,0001234569,ESF 3,2026-03-18,0001234569,ESF 3,5,2026-08-01
700116,CICRANO DE PEIXOTO,1949-07-08,MASCULINO,842880068340654,41488766020,(15) 97029-5130,0,2026-01-06 08:15:00,0,1,0001234567,ESF  1 ,2026-07-19,0001234567,ESF  1 ,2,2026-08-01
700117,FULANO DELGADO DE CARVALHO,1945-06-16,MASCULINO,824119776311774,36601394913,(19) 94747-5419,0,2024-09-27 14:50:00,0,1,0001234567,ESF  1 ,2026-05-06,0001234567,ESF  1 ,2,2026-08-01
700118,SICRANA GALVAO LOUREIRO,1940-02-01,FEMININO,714640251265729,23941971701,(15) 91717-5395,0,2025-08-26 13:45:00,1,1,0001234573,ESF 7,2020-03-13,0001234573,ESF 7,0,2026-08-01
700119,CICRANA LACERDA,1943-11-11,FEMININO,740716254901196,91251838180,(15) 97751-3890,0,2026-06-11 14:30:00,0,1,0001234570,ESF 4,2024-12-18,0001234570,ESF 4,0,2026-08-01
700120,FULANO QUINTELA,1968-04-26,MASCULINO,802892933037500,17803267506,(19) 97883-2841,0,2026-07-04 14:10:00,0,1,0001234572,ESF 5,2025-03-04,0001234572,ESF 5,0,2026-08-01
700121,CICRANO ALBUQUERQUE DOS ESTEVES,1944-11-12,MASCULINO,864991703757143,22727639016,(17) 92337-5535,0,2024-12-22 12:15:00,1,1,0001234572,ESF 5,2025-01-30,0001234572,ESF 5,0,2026-08-01
700122,SICRANA BITTENCOURT BITTENCOURT,1962-02-02,FEMININO,712465886450121,26878303134,(19) 99741-9135,0,2025-03-08 15:45:00,0,1,0001234571,ESF 5,2023-10-13,0001234571,ESF 5,0,2026-08-01
700123,BELTRANA ALBUQUERQUE DOS FURTADO,1984-06-07,FEMININO,762683218811664,26163492995,(16) 97951-4826,0,2024-12-06 14:45:00,1,1,0001234573,ESF 7,2024-04-20,0001234573,ESF 7,0,2026-08-01
700124,BELTRANA NOGUEIRA MESQUITA,1987-05-08,FEMININO,894875056541588,40389599531,(12) 94742-8113,0,2025-02-10 08:45:00,0,1,0001234569,ESF 3,2026-04-16,0001234569,ESF 3,1,2026-08-01
700125,FULANA VASCONCELOS NOVAES,1977-08-10,FEMININO,870339518559053,30616689692,(18) 95255-3003,0,2025-12-23 11:50:00,0,1,0001234569,ESF 3,2021-11-23,0001234569,ESF 3,0,2026-08-01
700126,BELTRANO ALBUQUERQUE ORNELAS,1967-11-17,MASCULINO,839921150884054,27855378155,(14) 99132-5763,0,2026-07-01 10:15:00,0,1,0001234573,ESF 7,2025-08-08,0001234573,ESF 7,2,2026-08-01
700127,FULANA BANDEIRA DA FONTOURA,1966-02-07,FEMININO,779442389854459,63719227856,(17) 98044-4437,0,2025-02-07 09:40:00,0,1,0001234568,ESF 2,2026-06-01,0001234568,ESF 2,1,2026-08-01
700128,FULANA BITTENCOURT ZAMBONI,1966-10-27,FEMININO,769868012254825,47220433612,(19) 99107-5676,0,2025-06-21 16:15:00,0,1,0001234570,ESF 4,2026-05-22,0001234570,ESF 4,3,2026-08-01
700129,FULANO DOS PORTELA,1957-04-29,MASCULINO,814203526337765,28361434799,(13) 92912-7114,0,2024-09-23 16:10:00,0,1,0001234573,ESF 7,2026-07-09,0001234573,ESF 7,3,2026-08-01
700130,SICRANO SALGADO DE DELGADO,1960-02-16,MASCULINO,848169699319283,04290673725,(14) 91679-2058,0,2025-01-31 15:00:00,0,1,0001234573,ESF 7,2025-06-17,0001234573,ESF 7,0,2026-08-01
700131,CICRANO MESQUITA,1979-12-08,MASCULINO,791141575373908,72015199218,(17) 98173-7999,0,2026-05-29 12:00:00,0,1,0001234568,ESF 2,2025-05-09,0001234568,ESF 2,0,2026-08-01
700132,FULANO DOS DANTAS,1966-09-27,MASCULINO,791462540336075,13037887801,(11) 95280-1302,0,2025-09-14 14:45:00,0,1,0001234569,ESF 3,2026-04-12,0001234569,ESF 3,8,2026-08-01
700133,BELTRANO DOS TEIXEIRA,1942-08-05,MASCULINO,771843668786605,17574996955,(11) 98359-4990,0,2026-02-12 12:40:00,0,1,0001234570,ESF 4,2026-03-14,0001234570,ESF 4,4,2026-08-01
700134,SICRANA DELGADO DA ZAMBONI,1960-04-01,FEMININO,890765390010919,42122731363,(16) 97453-7207,0,2025-08-07 12:00:00,1,1,0001234568,ESF 2,2026-05-03,0001234568,ESF 2,1,2026-08-01
700135,BELTRANA HUNGRIA VASCONCELOS,1983-06-12,FEMININO,740411523019084,13147266924,(12) 97777-6639,0,2024-10-28 12:10:00,1,1,0001234568,ESF 2,2025-11-26,0001234568,ESF 2,3,2026-08-01
700136,BELTRANO MARINHO DOS NOGUEIRA,1982-04-30,MASCULINO,806992268273252,42990860585,(16) 98595-5170,0,2026-02-04 10:00:00,0,1,0001234568,ESF 2,2026-05-08,0001234568,ESF 2,5,2026-08-01
700137,CICRANO CARVALHO GALVAO,1983-11-03,MASCULINO,752159698212084,69363124208,(18) 94758-6842,0,2025-07-18 10:15:00,0,1,0001234568,ESF 2,2024-01-21,0001234568,ESF 2,0,2026-08-01
700138,CICRANA QUINTELA BITTENCOURT,1988-05-17,FEMININO,876175753829263,32492737757,(14) 97376-3436,0,2025-03-22 12:45:00,0,1,0001234572,ESF 5,2026-07-22,0001234572,ESF 5,2,2026-08-01
700139,BELTRANA FURTADO,1945-10-03,FEMININO,775680767175956,90665961635,(15) 94829-2617,0,2025-07-28 12:20:00,1,1,0001234568,ESF 2,2024-05-08,0001234568,ESF 2,0,2026-08-01
700140,BELTRANA FURTADO,1955-06-12,FEMININO,854805762176825,54104382486,(16) 99877-9684,0,2025-08-25 08:40:00,1,1,0001234572,ESF 5,2026-02-27,0001234572,ESF 5,3,2026-08-01
700141,,1942-10-23,MASCULINO,793358539660200,19432931201,(18) 96132-3026,0,2024-09-29 16:15:00,0,1,0001234573,ESF 7,2026-02-18,0001234573,ESF 7,4,2026-08-01
700142,FULANA LOUREIRO,1958-07-31,FEMININO,782237239605316,48348899121,(12) 91778-6071,0,2025-11-20 10:50:00,0,1,0001234570,ESF 4,2026-03-29,0001234570,ESF 4,3,2026-08-01
700143,XXX,1952-02-06,FEMININO,727465580260257,27466904549,(16) 94088-2319,0,2025-06-14 15:30:00,0,1,0001234571,ESF 5,2024-05-26,0001234571,ESF 5,0,2026-08-01
700144,SICRANA DA LOUREIRO,1945-11-24,FEMININO,869585589088048,31402853107,(16) 94736-2093,0,2024-09-11 08:15:00,1,1,0001234570,ESF 4,2021-07-22,0001234570,ESF 4,0,2026-08-01
700145,SICRANO LACERDA DOS ESCOBAR,1977-07-21,MASCULINO,768983731051750,53245740906,(18) 98786-6073,0,2025-01-16 12:50:00,0,1,0001234572,ESF 5,2026-07-26,0001234572,ESF 5,2,2026-08-01
700146,,1958-08-16,MASCULINO,853351473229692,80356980368,(12) 99397-8698,0,2026-06-02 11:10:00,1,1,0001234573,ESF 7,2026-07-06,0001234573,ESF 7,2,2026-08-01
700147,FULANA MARINHO DOS QUEIROZ,1962-06-30,FEMININO,782457137965999,92497012921,(12) 99198-1428,0,2025-12-18 13:10:00,1,1,0001234570,ESF 4,2026-03-11,0001234570,ESF 4,2,2026-08-01
700148,CICRANO SALGADO,1963-11-27,MASCULINO,851633161801382,37642242159,(12) 93633-1746,0,2025-09-22 15:50:00,0,1,0001234570,ESF 4,2026-01-22,0001234570,ESF 4,2,2026-08-01
700149,BELTRANA ORNELAS QUINTELA,1978-07-04,FEMININO,839543137888961,34273001960,(11) 94340-1028,0,2026-03-21 13:20:00,0,1,0001234567,ESF  1 ,2026-05-09,0001234567,ESF  1 ,9,2026-08-01
700150,SICRANA JARDIM BANDEIRA,1959-10-01,FEMININO,764368517641871,39994633687,(17) 94721-9600,0,2025-04-26 10:20:00,0,1,0001234568,ESF 2,2026-07-09,0001234568,ESF 2,2,2026-08-01
700151,FULANA QUEIROZ DOS ZAMBONI,1956-08-16,FEMININO,853092516055990,64068362867,(14) 95570-6164,0,2025-06-12 13:00:00,0,1,0001234573,ESF 7,2026-02-12,0001234573,ESF 7,2,2026-08-01
700152,FULANO QUINTELA ZAMBONI,1963-07-28,MASCULINO,794697540510774,93686280338,(15) 97886-5507,0,2025-09-08 12:00:00,1,1,0001234567,ESF  1 ,2026-05-21,0001234567,ESF  1 ,2,2026-08-01
700153,CICRANA QUEIROZ MESQUITA,1960-11-09,FEMININO,853812789887910,97062118100,(13) 91973-7339,0,2025-05-05 10:30:00,0,1,0001234573,ESF 7,2026-02-25,0001234573,ESF 7,2,2026-08-01
700154,FULANO CORDEIRO,1985-12-07,MASCULINO,843294195734053,94398710672,(14) 93840-3788,0,2025-09-17 11:15:00,0,1,0001234570,ESF 4,2025-04-21,0001234570,ESF 4,0,2026-08-01
700155,FULANA QUEIROZ DOS PORTELA,1955-02-24,FEMININO,872300433742973,16849063261,(18) 94504-4016,0,2024-12-18 11:10:00,0,1,0001234570,ESF 4,2026-07-11,0001234570,ESF 4,6,2026-08-01
700156,SICRANO LACERDA NOVAES,1944-11-28,MASCULINO,746844627593513,41362246302,(16) 97569-7802,0,2025-01-21 08:00:00,0,1,0001234572,ESF 5,2026-06-08,0001234572,ESF 5,2,2026-08-01
700157,SICRANO DELGADO DOS QUEIROZ,1984-03-03,MASCULINO,856569344342006,07744030045,(18) 91261-6510,0,2025-07-12 16:10:00,1,1,0001234570,ESF 4,2026-05-21,0001234570,ESF 4,2,2026-08-01
700158,SICRANO ALBUQUERQUE TAVARES,1959-11-21,MASCULINO,884855466922730,24009887657,(17) 99105-7462,0,2025-02-23 16:50:00,0,1,0001234567,ESF  1 ,2026-05-30,0001234567,ESF  1 ,1,2026-08-01
700159,CICRANO DANTAS GUIMARAES,1975-06-29,MASCULINO,860775748369210,93807832999,(11) 99479-8147,0,2026-01-26 11:30:00,0,1,0001234569,ESF 3,2026-05-31,0001234569,ESF 3,9,2026-08-01
700160,BELTRANA CORDEIRO,1988-07-05,FEMININO,757437041505740,23276617731,(17) 99328-3589,0,2025-11-25 09:15:00,1,1,0001234567,ESF  1 ,2026-07-15,0001234567,ESF  1 ,2,2026-08-01
700161,FULANA DA REZENDE,1987-03-24,FEMININO,798110677182144,93514314285,(19) 99454-2085,0,2025-10-16 11:40:00,0,1,0001234571,ESF 5,2023-11-17,0001234571,ESF 5,0,2026-08-01
700162,SICRANA ALBUQUERQUE TEIXEIRA,1955-03-04,FEMININO,809595153727254,48770577731,(16) 98429-6079,0,2026-07-04 12:15:00,0,1,0001234573,ESF 7,2026-04-19,0001234573,ESF 7,1,2026-08-01
700163,FULANO DANTAS UCHOA,1973-07-11,MASCULINO,855441398841268,49005755262,(16) 98390-8682,0,2025-06-20 08:10:00,0,1,0001234569,ESF 3,2026-02-09,0001234569,ESF 3,4,2026-08-01
700164,BELTRANA SALGADO BANDEIRA,1988-07-21,FEMININO,834570487216085,07598795402,(15) 95638-9188,0,2026-03-05 11:50:00,0,1,0001234571,ESF 5,2026-01-08,0001234571,ESF 5,3,2026-08-01
700165,BELTRANO PEIXOTO HUNGRIA,1976-09-27,MASCULINO,831662516541692,22604878314,(13) 96730-7596,0,2025-06-14 09:10:00,0,1,0001234572,ESF 5,2026-06-12,0001234572,ESF 5,2,2026-08-01
700166,SICRANO CARVALHO DE TAVARES,1941-03-03,MASCULINO,897775899502134,37230220492,(15) 98742-8906,0,2026-06-08 08:30:00,1,1,0001234570,ESF 4,2024-05-12,0001234570,ESF 4,0,2026-08-01
700167,BELTRANA DE UCHOA,1950-01-07,FEMININO,883394962358171,50752476107,(13) 96297-9557,0,2025-11-14 09:20:00,1,1,0001234569,ESF 3,2024-01-05,0001234569,ESF 3,0,2026-08-01
700168,SICRANO LOUREIRO VALADARES,1987-03-26,MASCULINO,741637269386203,68198107259,(12) 96023-7511,0,2025-10-13 16:40:00,1,1,0001234570,ESF 4,2026-07-24,0001234570,ESF 4,6,2026-08-01
700169,CICRANO DE VASCONCELOS,1972-08-17,MASCULINO,828260879431036,55366956812,(12) 99992-7859,0,2024-10-11 09:30:00,0,1,0001234570,ESF 4,2026-06-02,0001234570,ESF 4,3,2026-08-01
700170,FULANA NOVAES ESTEVES,1944-06-15,FEMININO,775458112579221,23778340949,(19) 94713-3679,0,2025-12-18 10:50:00,0,1,0001234570,ESF 4,2026-05-02,0001234570,ESF 4,2,2026-08-01
700171,BELTRANA TEIXEIRA JARDIM,1978-07-23,FEMININO,710737675254284,60927000505,(19) 94452-2056,0,2026-03-27 10:50:00,1,1,0001234573,ESF 7,2026-07-07,0001234573,ESF 7,6,2026-08-01
700172,FULANA DE XAVIER,1959-07-11,FEMININO,795949529172326,04918385495,(15) 93248-9012,0,2025-09-14 14:40:00,0,1,0001234573,ESF 7,2026-05-28,0001234573,ESF 7,5,2026-08-01
700173,SICRANA DE VALADARES,1947-06-04,FEMININO,800417347437024,86591833987,(17) 98688-6973,0,2026-06-28 16:50:00,1,1,0001234570,ESF 4,2026-04-29,0001234570,ESF 4,2,2026-08-01
700174,FULANA PORTELA DA TEIXEIRA,1971-11-30,FEMININO,773705235288144,88761154475,(11) 93103-6567,0,2025-08-28 09:30:00,0,1,0001234573,ESF 7,2026-02-24,0001234573,ESF 7,5,2026-08-01
700175,BELTRANA DOS VALADARES,1940-01-14,FEMININO,800613470842452,99525513204,(13) 98717-9735,0,2026-07-06 11:10:00,1,1,0001234570,ESF 4,2026-05-23,0001234570,ESF 4,2,2026-08-01
700176,SICRANO MARINHO,1959-03-11,MASCULINO,891588804274455,44431798448,(19) 92900-1046,0,2025-12-15 14:45:00,0,1,0001234571,ESF 5,2026-02-27,0001234571,ESF 5,8,2026-08-01
700177,BELTRANO XAVIER,1969-02-03,MASCULINO,806598388128787,18143063071,(16) 97349-7459,0,2025-05-25 08:10:00,1,1,0001234570,ESF 4,2026-02-07,0001234570,ESF 4,2,2026-08-01
700178,FULANA REZENDE DE REZENDE,1948-06-14,FEMININO,773775799533067,05110828432,(17) 98097-2455,0,2024-11-12 10:00:00,1,1,0001234568,ESF 2,2026-02-20,0001234568,ESF 2,6,2026-08-01
700179,BELTRANA DELGADO LOUREIRO,1965-06-16,FEMININO,875127621345371,60452301832,(17) 94728-8758,0,2026-03-29 12:45:00,0,1,0001234573,ESF 7,2025-12-14,0001234573,ESF 7,1,2026-08-01
700180,BELTRANO DA MESQUITA,1979-07-10,MASCULINO,815313997453657,07825664214,(17) 95763-6456,0,2026-01-19 15:00:00,0,1,0001234567,ESF  1 ,2026-04-24,0001234567,ESF  1 ,7,2026-08-01
700181,BELTRANO PEIXOTO SAMPAIO,1966-09-13,MASCULINO,857611661294685,26828903189,(11) 91921-5093,0,2025-06-21 12:40:00,0,1,0001234573,ESF 7,2025-07-11,0001234573,ESF 7,0,2026-08-01
700182,FULANA SALGADO,1955-11-03,FEMININO,850479110262603,06668898808,(19) 95177-9321,0,2026-06-21 14:40:00,1,1,0001234567,ESF  1 ,2026-05-28,0001234567,ESF  1 ,2,2026-08-01
700183,BELTRANO VASCONCELOS DE XAVIER,1967-01-19,MASCULINO,704939852590439,91602396389,(16) 94247-5946,0,2025-04-09 15:20:00,0,1,0001234571,ESF 5,2025-04-13,0001234571,ESF 5,0,2026-08-01
700184,BELTRANA DOS PORTELA,1951-01-11,FEMININO,899407583480905,03592319770,(16) 96643-1807,0,2025-08-31 10:20:00,0,1,0001234567,ESF  1 ,2020-09-02,0001234567,ESF  1 ,0,2026-08-01
700185,BELTRANO JARDIM DOS QUINTELA,1983-02-23,MASCULINO,874691118812459,20999463102,(13) 94107-5666,0,2025-12-02 09:00:00,0,1,0001234573,ESF 7,2026-03-25,0001234573,ESF 7,1,2026-08-01
700186,CICRANA DE CARVALHO,1942-02-03,FEMININO,752146624828350,68707800488,(18) 99409-3082,0,2025-01-03 10:45:00,0,1,0001234569,ESF 3,2026-02-15,0001234569,ESF 3,2,2026-08-01
700187,FULANO VALADARES XAVIER,1983-08-03,MASCULINO,745571979071578,04450048866,(11) 96658-7087,0,2024-12-05 08:15:00,0,1,0001234573,ESF 7,2026-01-07,0001234573,ESF 7,2,2026-08-01
700188,SICRANA REZENDE,1946-04-04,FEMININO,765759459638411,38810285795,(14) 99500-3857,0,2026-01-20 13:15:00,0,1,0001234570,ESF 4,2026-04-10,0001234570,ESF 4,6,2026-08-01
700189,FULANA LACERDA NOVAES,1940-11-06,FEMININO,725455638600488,64510572663,(14) 94743-8556,0,2024-09-13 10:10:00,0,1,0001234569,ESF 3,2025-10-16,0001234569,ESF 3,1,2026-08-01
700190,CICRANO QUINTELA DA SAMPAIO,1953-10-01,MASCULINO,766774354311589,34292201227,(14) 93366-2918,0,2026-01-28 09:50:00,0,1,0001234573,ESF 7,2024-11-06,0001234573,ESF 7,0,2026-08-01
700191,FULANO SAMPAIO DE ORNELAS,1972-07-08,MASCULINO,861756332892026,33148480130,(13) 96419-5403,0,2025-10-24 13:20:00,0,1,0001234571,ESF 5,2025-10-09,0001234571,ESF 5,2,2026-08-01
700192,CICRANO REZENDE DA CORDEIRO,1988-03-22,MASCULINO,745023558535533,05683474206,(14) 96471-9612,0,2026-05-02 15:20:00,0,1,0001234569,ESF 3,2026-07-28,0001234569,ESF 3,6,2026-08-01
700193,BELTRANA TEIXEIRA QUEIROZ,1954-07-04,FEMININO,705444516370086,56948302298,(16) 94409-4909,0,2025-09-22 11:20:00,1,1,0001234567,ESF  1 ,2026-07-05,0001234567,ESF  1 ,2,2026-08-01
700194,FULANA DE FURTADO,1978-11-29,FEMININO,737383426273677,52863075587,(16) 93956-1169,0,2026-02-19 11:40:00,1,1,0001234572,ESF 5,2025-12-29,0001234572,ESF 5,1,2026-08-01
700195,FULANA CORDEIRO,1959-09-18,FEMININO,811415005999264,63389391780,(11) 95798-3047,0,2025-07-22 12:20:00,0,1,0001234567,ESF  1 ,2026-07-04,0001234567,ESF  1 ,7,2026-08-01
700196,CICRANA DOS ALBUQUERQUE,1959-05-05,FEMININO,748799152530034,99608665729,(19) 96574-1918,0,2026-07-03 12:45:00,0,1,0001234572,ESF 5,2025-02-25,0001234572,ESF 5,0,2026-08-01
700197,SICRANA ESCOBAR FONTOURA,1981-04-18,FEMININO,792528582011470,50252296771,(19) 93362-5310,0,2026-01-09 16:15:00,0,1,0001234570,ESF 4,2026-06-22,0001234570,ESF 4,5,2026-08-01
700198,SICRANO MARINHO HUNGRIA,1984-03-24,MASCULINO,788148282399046,12552613901,(12) 97671-4418,0,2025-11-22 13:40:00,1,1,0001234569,ESF 3,2026-03-18,0001234569,ESF 3,1,2026-08-01
700199,SICRANA DA GALVAO,1970-09-18,FEMININO,859564153363497,28543329621,(11) 93460-3084,0,2025-01-07 15:45:00,0,1,0001234567,ESF  1 ,2024-11-24,0001234567,ESF  1 ,0,2026-08-01
700200,BELTRANA DELGADO,1949-04-15,FEMININO,755109200861741,43148527551,(18) 91261-3900,0,2026-04-14 16:45:00,0,1,0001234570,ESF 4,2026-07-19,0001234570,ESF 4,1,2026-08-01
700201,CICRANO UCHOA CORDEIRO,1959-04-25,MASCULINO,860450218793481,75573932528,(14) 97988-5747,0,2025-09-17 12:00:00,0,1,0001234569,ESF 3,2026-06-24,0001234569,ESF 3,2,2026-08-01
700202,CICRANA DOS ESTEVES,1937-02-08,FEMININO,877484908218068,38574703720,(13) 97080-1649,0,2024-12-05 16:15:00,1,1,0001234572,ESF 5,2022-12-30,0001234572,ESF 5,0,2026-08-01
700203,BELTRANO DE HUNGRIA,1956-10-01,MASCULINO,844273880796095,11908479061,(18) 98317-5283,0,2026-07-14 11:45:00,0,1,0001234573,ESF 7,2026-03-29,0001234573,ESF 7,2,2026-08-01
700204,BELTRANA CARVALHO SAMPAIO,1950-01-22,FEMININO,880871480189655,92390075984,(11) 93672-5254,0,2025-10-01 08:10:00,1,1,0001234568,ESF 2,2026-04-20,0001234568,ESF 2,4,2026-08-01
700205,FULANO DE NOGUEIRA,1977-11-25,MASCULINO,835402246673789,29704469528,(17) 99844-5176,0,2025-01-30 15:30:00,0,1,0001234569,ESF 3,2023-12-13,0001234569,ESF 3,0,2026-08-01
700206,SICRANA PORTELA GUIMARAES,1956-05-28,FEMININO,706568964513134,48048577535,(12) 93587-4367,0,2024-10-29 09:15:00,0,1,0001234571,ESF 5,2026-02-09,0001234571,ESF 5,2,2026-08-01
700207,FULANO ESCOBAR,1972-05-25,MASCULINO,866510033583226,22490312821,(12) 93047-6213,0,2025-04-18 13:50:00,0,1,0001234569,ESF 3,2023-12-06,0001234569,ESF 3,0,2026-08-01
700208,CICRANA MESQUITA,1952-08-18,FEMININO,799980351045920,60933731346,(12) 94693-8832,0,2025-03-08 11:50:00,0,1,0001234573,ESF 7,2026-05-30,0001234573,ESF 7,2,2026-08-01
700209,BELTRANA SAMPAIO DOS TAVARES,1967-04-05,FEMININO,728074874708935,13186462518,(14) 94521-1607,0,2024-12-04 11:45:00,0,1,0001234571,ESF 5,2024-09-02,0001234571,ESF 5,0,2026-08-01
700210,CICRANA NOGUEIRA,1952-07-17,FEMININO,843926516396455,86192496499,(15) 92551-7760,0,2025-01-15 08:40:00,0,1,0001234573,ESF 7,2026-02-10,0001234573,ESF 7,3,2026-08-01
700211,SICRANA XAVIER DA TAVARES,1943-12-20,FEMININO,795243317728413,82110426579,(12) 94424-7538,0,2025-05-18 13:20:00,0,1,0001234567,ESF  1 ,2026-06-17,0001234567,ESF  1 ,3,2026-08-01
700212,CICRANO SAMPAIO PEIXOTO,1979-07-27,MASCULINO,782736013974159,32438049902,(19) 92107-6875,0,2025-09-17 10:20:00,1,1,0001234573,ESF 7,2023-10-14,0001234573,ESF 7,0,2026-08-01
700213,FULANO ALBUQUERQUE,1950-09-05,MASCULINO,834612701765840,87981569851,(18) 97398-8520,0,2025-06-08 14:00:00,0,1,0001234567,ESF  1 ,2026-04-01,0001234567,ESF  1 ,6,2026-08-01
700214,CICRANO DANTAS DA ESTEVES,1984-03-17,MASCULINO,727827730125061,04102821547,(19) 98382-5248,0,2025-12-30 09:10:00,0,1,0001234568,ESF 2,2022-11-30,0001234568,ESF 2,0,2026-08-01
700215,CICRANO DE QUEIROZ,1973-12-10,MASCULINO,898167008549097,51354471564,(11) 95589-1093,0,2026-05-11 08:00:00,0,1,0001234570,ESF 4,2026-03-23,0001234570,ESF 4,2,2026-08-01
700216,CICRANO DANTAS ORNELAS,1951-05-19,MASCULINO,706927732892214,06482158227,(19) 93963-4414,0,2025-10-27 14:30:00,1,1,0001234573,ESF 7,2026-05-22,0001234573,ESF 7,2,2026-08-01
700217,FULANA ORNELAS LOUREIRO,1955-05-25,FEMININO,764170849177595,80803086327,(18) 93894-9538,0,2025-12-30 13:50:00,1,1,0001234568,ESF 2,2026-06-13,0001234568,ESF 2,7,2026-08-01
700218,FULANO ZAMBONI DA MARINHO,1984-08-20,MASCULINO,814836236089122,98474866970,(14) 97332-3130,0,2026-05-26 10:30:00,0,1,0001234570,ESF 4,2026-03-30,0001234570,ESF 4,2,2026-08-01
700219,SICRANA HUNGRIA DE TEIXEIRA,1983-08-30,FEMININO,710040330695955,02597811698,(18) 92197-7704,0,2024-11-01 12:45:00,0,1,0001234567,ESF  1 ,2026-03-27,0001234567,ESF  1 ,2,2026-08-01
700220,CICRANO TEIXEIRA,1942-03-30,MASCULINO,841946210051183,17117229447,(19) 92343-5144,0,2025-07-15 16:45:00,1,1,0001234572,ESF 5,2026-03-01,0001234572,ESF 5,2,2026-08-01
700221,SICRANO JARDIM BITTENCOURT,1960-03-20,MASCULINO,750758060892822,74281824503,(18) 95114-9204,0,2025-10-03 12:00:00,0,1,0001234571,ESF 5,2026-05-15,0001234571,ESF 5,4,2026-08-01
700222,FULANA LOUREIRO DA BANDEIRA,1974-03-28,FEMININO,864616749121807,69348290429,(16) 96249-6465,0,2024-11-17 14:50:00,1,1,0001234570,ESF 4,2026-07-20,0001234570,ESF 4,2,2026-08-01
700223,FULANA DOS DANTAS,1967-05-04,FEMININO,886028746262531,75493675821,(11) 94195-6487,0,2026-01-17 08:15:00,1,1,0001234569,ESF 3,2026-07-28,0001234569,ESF 3,4,2026-08-01
700224,BELTRANA LACERDA,1940-10-29,FEMININO,716029098774701,26736781311,(12) 96898-7645,0,2025-03-11 16:00:00,0,1,0001234572,ESF 5,2026-07-01,0001234572,ESF 5,2,2026-08-01
700225,FULANO UCHOA DA BITTENCOURT,1979-07-21,MASCULINO,736306890486096,49591114703,(17) 98413-3348,0,2025-12-16 08:45:00,0,1,0001234567,ESF  1 ,2026-02-10,0001234567,ESF  1 ,2,2026-08-01
700226,BELTRANO NOGUEIRA TEIXEIRA,1955-12-22,MASCULINO,779039021642000,94899828901,(18) 95145-2595,0,2026-01-05 16:00:00,0,1,0001234572,ESF 5,2026-06-24,0001234572,ESF 5,3,2026-08-01
700227,BELTRANA DA UCHOA,1940-08-26,FEMININO,715422357095572,40687696055,(11) 92934-1028,0,2025-05-14 14:20:00,0,1,0001234571,ESF 5,2026-07-22,0001234571,ESF 5,2,2026-08-01
700228,FULANA QUEIROZ PEIXOTO,1954-07-19,FEMININO,895045113090523,05753894861,(14) 93508-3828,0,2025-11-07 10:30:00,1,1,0001234573,ESF 7,2026-06-17,0001234573,ESF 7,3,2026-08-01
700229,SICRANA UCHOA DE VALADARES,1982-10-13,FEMININO,804205002657681,56047888993,(11) 95086-3655,0,2026-03-08 16:15:00,0,1,0001234567,ESF  1 ,2025-08-23,0001234567,ESF  1 ,5,2026-08-01
700230,FULANA DE CARVALHO,1971-05-23,FEMININO,785460844067331,97768505370,(18) 99828-4220,0,2025-07-29 14:10:00,0,1,0001234567,ESF  1 ,2026-05-08,0001234567,ESF  1 ,1,2026-08-01
700231,FULANA DANTAS DA FONTOURA,1986-09-11,FEMININO,798991368789003,30744647712,(15) 97245-4363,0,2026-05-05 09:20:00,0,1,0001234573,ESF 7,2026-07-26,0001234573,ESF 7,2,2026-08-01
700232,BELTRANO ORNELAS DE ORNELAS,1956-06-09,MASCULINO,746429155419053,28150630008,(12) 96030-1489,0,2026-05-05 10:30:00,1,1,0001234569,ESF 3,2026-02-12,0001234569,ESF 3,4,2026-08-01
700233,SICRANO DANTAS ORNELAS,1981-11-14,MASCULINO,740114793135306,43188356693,(11) 94265-4024,0,2025-08-22 15:30:00,0,1,0001234567,ESF  1 ,2026-06-01,0001234567,ESF  1 ,4,2026-08-01
700234,CICRANA DA MARINHO,1980-08-05,FEMININO,867231437506166,78580874956,(11) 94918-8753,0,2026-07-27 08:15:00,0,1,0001234569,ESF 3,2024-05-28,0001234569,ESF 3,0,2026-08-01
700235,BELTRANO NOGUEIRA,1981-07-27,MASCULINO,869829283332856,29724042384,(12) 96649-1164,0,2025-04-04 10:50:00,0,1,0001234568,ESF 2,2026-07-31,0001234568,ESF 2,2,2026-08-01
700236,FULANA TAVARES DA PORTELA,1970-04-10,FEMININO,737105217557511,05891131197,(14) 96283-9641,0,2024-12-06 10:00:00,0,1,0001234573,ESF 7,2026-05-23,0001234573,ESF 7,2,2026-08-01
700237,BELTRANA DANTAS,1972-08-26,FEMININO,700265982523420,35904200065,(15) 95844-8624,0,2026-05-14 13:10:00,0,1,0001234573,ESF 7,2026-07-19,0001234573,ESF 7,4,2026-08-01
700238,,1937-05-18,FEMININO,770946580662010,41467928438,(19) 95752-5753,0,2025-07-16 10:30:00,0,1,0001234573,ESF 7,2026-07-31,0001234573,ESF 7,2,2026-08-01
700239,FULANO MARINHO DE SAMPAIO,1976-03-18,MASCULINO,755684981541901,99306405503,(15) 94270-4669,0,2025-12-22 13:20:00,0,1,0001234569,ESF 3,2026-05-26,0001234569,ESF 3,1,2026-08-01
700240,BELTRANA DE GUIMARAES,1974-08-12,FEMININO,717496503985240,61988934720,(14) 91662-9481,0,2025-03-21 08:15:00,0,1,0001234573,ESF 7,2026-05-27,0001234573,ESF 7,3,2026-08-01
700241,CICRANO DOS QUEIROZ,1974-03-31,MASCULINO,829549088857519,95217583411,(15) 93390-6994,0,2025-06-28 16:15:00,0,1,0001234567,ESF  1 ,2026-07-10,0001234567,ESF  1 ,3,2026-08-01
700242,CICRANO DELGADO MARINHO,1945-07-10,MASCULINO,764502733208687,60170885055,(17) 95249-9212,0,2024-10-20 10:10:00,0,1,0001234569,ESF 3,2025-04-03,0001234569,ESF 3,0,2026-08-01
700243,BELTRANO JARDIM ORNELAS,1971-04-07,MASCULINO,855628948974102,67308036651,(18) 92992-6748,0,2025-01-15 16:00:00,0,1,0001234568,ESF 2,2025-07-15,0001234568,ESF 2,0,2026-08-01
700244,CICRANA LOUREIRO VALADARES,1965-06-24,FEMININO,783100686686646,61304974317,(12) 99425-2873,0,2024-12-30 08:20:00,0,1,0001234570,ESF 4,2026-02-18,0001234570,ESF 4,1,2026-08-01
700245,,1979-08-29,FEMININO,724309944130401,84945050768,(15) 92540-1539,0,2025-09-15 08:10:00,0,1,0001234569,ESF 3,2026-03-05,0001234569,ESF 3,3,2026-08-01
700246,CICRANA XAVIER PEIXOTO,2026-10-09,FEMININO,744067439607471,91208840950,(11) 96325-8187,0,2026-05-04 10:15:00,0,1,0001234571,ESF 5,2025-06-16,0001234571,ESF 5,0,2026-08-01
700247,FULANO ALBUQUERQUE MESQUITA,1976-05-06,MASCULINO,844906480842637,65409819021,(18) 97315-4491,0,2024-11-05 16:50:00,0,1,0001234569,ESF 3,2026-06-18,0001234569,ESF 3,8,2026-08-01
700248,BELTRANO ALBUQUERQUE DOS TEIXEIRA,1948-08-26,MASCULINO,889079621996951,46826484979,(11) 95344-7900,0,2025-03-29 15:50:00,1,1,0001234571,ESF 5,2025-02-21,0001234571,ESF 5,0,2026-08-01
700249,SICRANA ALBUQUERQUE DE LACERDA,1984-02-12,FEMININO,897079487025943,85026215808,(11) 92661-3110,0,2026-06-26 14:45:00,0,1,0001234569,ESF 3,2026-06-12,0001234569,ESF 3,3,2026-08-01
700250,FULANO BITTENCOURT,1950-04-03,MASCULINO,710019472286834,96611381172,(13) 94417-2908,0,2025-06-12 16:50:00,0,1,0001234568,ESF 2,2026-05-03,0001234568,ESF 2,5,2026-08-01
700251,SICRANA LACERDA DA VASCONCELOS,1937-04-25,FEMININO,872453670904041,98158476865,(19) 91545-5661,0,2025-11-10 11:40:00,1,1,0001234569,ESF 3,2026-02-27,0001234569,ESF 3,2,2026-08-01
700252,SICRANO DANTAS LACERDA,1968-11-03,MASCULINO,895215642891187,84338077817,(16) 93138-5678,0,2026-06-23 11:30:00,0,1,0001234573,ESF 7,2026-05-09,0001234573,ESF 7,2,2026-08-01
700253,CICRANO DOS SALGADO,1953-01-31,MASCULINO,822528085636004,13964848507,(18) 92139-6218,0,2025-10-06 12:20:00,1,1,0001234570,ESF 4,2026-02-16,0001234570,ESF 4,2,2026-08-01
700254,SICRANO ZAMBONI TAVARES,1973-06-15,MASCULINO,885815818343530,97723760753,(14) 95393-4929,0,2026-02-01 15:15:00,0,1,0001234571,ESF 5,2026-03-23,0001234571,ESF 5,4,2026-08-01
700255,BELTRANO NOVAES PORTELA,1953-05-14,MASCULINO,805552285710331,03662638704,(12) 91577-3942,0,2026-03-19 16:45:00,0,1,0001234567,ESF  1 ,2026-06-14,0001234567,ESF  1 ,4,2026-08-01
700256,,1985-10-05,FEMININO,888982985875761,61374565106,(15) 98814-7160,0,2025-01-01 13:00:00,1,1,0001234570,ESF 4,2026-07-08,0001234570,ESF 4,4,2026-08-01
700257,,1941-11-08,FEMININO,856926791255485,79401039543,(13) 91983-7583,0,2025-07-27 10:30:00,0,1,0001234569,ESF 3,2022-08-14,0001234569,ESF 3,0,2026-08-01
700258,SICRANA CARVALHO TAVARES,1964-09-04,FEMININO,858014677524446,64615909196,(13) 98474-3897,0,2025-05-23 08:45:00,0,1,0001234572,ESF 5,2026-03-23,0001234572,ESF 5,2,2026-08-01
700259,FULANA ESCOBAR DE JARDIM,1979-06-10,FEMININO,780292475414470,19610330208,(19) 93329-1684,0,2025-04-08 12:15:00,1,1,0001234573,ESF 7,2026-02-14,0001234573,ESF 7,2,2026-08-01
700260,FULANA XAVIER VALADARES,1982-12-09,FEMININO,834827547497387,53991391032,(11) 96893-9801,0,2024-09-13 11:00:00,0,1,0001234567,ESF  1 ,2023-09-27,0001234567,ESF  1 ,0,2026-08-01
700261,SICRANA QUEIROZ DOS NOGUEIRA,1952-03-26,FEMININO,737269145446412,80329631544,(19) 98224-6636,0,2026-04-05 14:20:00,1,1,0001234571,ESF 5,2026-06-14,0001234571,ESF 5,3,2026-08-01
700262,SICRANO DE XAVIER,1938-01-15,MASCULINO,825647008085850,20100814981,(17) 93622-5655,0,2026-05-28 14:15:00,0,1,0001234572,ESF 5,2026-03-16,0001234572,ESF 5,2,2026-08-01
700263,FULANO BANDEIRA BITTENCOURT,1938-10-22,MASCULINO,793512450995778,00739844858,(11) 91380-8656,0,2024-12-20 16:40:00,0,1,0001234568,ESF 2,2023-04-03,0001234568,ESF 2,0,2026-08-01
700264,BELTRANA GUIMARAES MESQUITA,1957-10-31,FEMININO,769270884794768,69157389161,(18) 92396-9018,0,2025-02-10 15:40:00,0,1,0001234570,ESF 4,2025-03-23,0001234570,ESF 4,0,2026-08-01
700265,FULANO ALBUQUERQUE DOS GUIMARAES,1957-06-07,MASCULINO,822373973595503,90558220003,(19) 95571-5476,0,2026-01-26 10:40:00,1,1,0001234572,ESF 5,2025-01-25,0001234572,ESF 5,0,2026-08-01
700266,CICRANA DA PORTELA,1940-12-15,FEMININO,721039863222122,95782255987,(17) 95876-4088,0,2025-12-13 13:40:00,0,1,0001234567,ESF  1 ,2023-09-06,0001234567,ESF  1 ,0,2026-08-01
700267,SICRANO PEIXOTO DOS NOGUEIRA,1955-02-14,MASCULINO,766926700049794,76568772586,(15) 94969-4174,0,2025-06-18 08:50:00,0,1,0001234568,ESF 2,2026-05-07,0001234568,ESF 2,3,2026-08-01
700268,FULANO REZENDE CORDEIRO,1951-07-19,MASCULINO,740224341635281,01842902106,(14) 99357-2245,0,2025-03-31 08:00:00,0,1,0001234571,ESF 5,2025-03-04,0001234571,ESF 5,0,2026-08-01
700269,FULANA CARVALHO DA ESTEVES,1958-08-14,FEMININO,840966227723016,04374505033,(18) 92089-9334,0,2025-12-06 16:15:00,0,1,0001234570,ESF 4,2026-05-25,0001234570,ESF 4,7,2026-08-01
700270,SICRANA XAVIER DOS NOGUEIRA,1959-10-23,FEMININO,827223539880241,02790132217,(18) 93977-7548,0,2025-03-02 12:45:00,0,1,0001234571,ESF 5,2025-01-08,0001234571,ESF 5,0,2026-08-01
700271,CICRANA NOGUEIRA,1970-02-21,FEMININO,796079741371493,44836365881,(15) 91967-4148,0,2026-07-29 08:50:00,0,1,0001234571,ESF 5,2026-04-02,0001234571,ESF 5,2,2026-08-01
700272,CICRANO ALBUQUERQUE,1965-05-30,MASCULINO,887004447105452,24101335258,(13) 92496-6159,0,2024-09-01 14:30:00,0,1,0001234571,ESF 5,2026-03-31,0001234571,ESF 5,3,2026-08-01
700273,FULANO MARINHO PEIXOTO,1985-04-18,MASCULINO,712755926361556,05468718872,(18) 96958-8196,0,2025-11-01 10:10:00,0,1,0001234571,ESF 5,2026-02-13,0001234571,ESF 5,4,2026-08-01
700274,BELTRANA CARVALHO VALADARES,1949-03-19,FEMININO,761831107515256,08327261411,(19) 98862-7973,0,2024-11-15 12:15:00,0,1,0001234572,ESF 5,2026-07-22,0001234572,ESF 5,8,2026-08-01
700275,SICRANO DA JARDIM,1978-11-24,MASCULINO,893073610359436,65513987407,(16) 99791-4448,0,2026-03-15 13:40:00,1,1,0001234570,ESF 4,2026-06-05,0001234570,ESF 4,2,2026-08-01
700276,CICRANO DA BITTENCOURT,2027-04-03,MASCULINO,751458355616969,46173556503,(11) 92844-3431,0,2025-08-09 12:10:00,1,1,0001234572,ESF 5,2026-07-26,0001234572,ESF 5,2,2026-08-01
700277,SICRANO DE QUEIROZ,1959-10-25,MASCULINO,891125848441050,40415225010,(13) 94738-5732,0,2025-05-09 14:00:00,0,1,0001234571,ESF 5,2025-09-03,0001234571,ESF 5,2,2026-08-01
700278,CICRANO ALBUQUERQUE DE BANDEIRA,1986-04-30,MASCULINO,710108252055405,62160207498,(11) 98837-6160,0,2025-04-08 15:50:00,0,1,0001234570,ESF 4,2026-04-03,0001234570,ESF 4,1,2026-08-01
700279,SICRANO JARDIM,1942-09-19,MASCULINO,864952794656096,17507210406,(15) 95065-4337,0,2025-02-08 16:15:00,0,1,0001234568,ESF 2,2026-03-12,0001234568,ESF 2,6,2026-08-01
700280,BELTRANO REZENDE,1974-04-08,MASCULINO,887355808419949,66245131601,(17) 91147-8272,0,2026-02-11 15:45:00,1,1,0001234570,ESF 4,2026-07-22,0001234570,ESF 4,1,2026-08-01
700281,BELTRANA DE BITTENCOURT,1955-08-31,FEMININO,836020958796647,22796677037,(13) 97580-7526,0,2025-01-12 14:15:00,0,1,0001234573,ESF 7,2025-08-17,0001234573,ESF 7,1,2026-08-01
700282,SICRANA ESTEVES DA GUIMARAES,1975-07-06,FEMININO,734178154705848,44490508272,(11) 99599-2401,0,2026-04-30 15:15:00,1,1,0001234568,ESF 2,2026-05-15,0001234568,ESF 2,4,2026-08-01
700283,CICRANO DOS SAMPAIO,1986-09-19,MASCULINO,799093478270164,18244129591,(13) 92968-9945,0,2026-06-06 12:15:00,0,1,0001234570,ESF 4,2026-06-22,0001234570,ESF 4,2,2026-08-01
700284,BELTRANO QUEIROZ GUIMARAES,1943-02-06,MASCULINO,804425508774751,70772651028,(12) 99362-7156,0,2025-10-28 12:00:00,0,1,0001234573,ESF 7,2026-07-01,0001234573,ESF 7,5,2026-08-01
700285,BELTRANA NOGUEIRA,1962-08-01,FEMININO,714516094007906,59368946141,(16) 95068-4389,0,2026-02-17 16:15:00,1,1,0001234573,ESF 7,2026-05-02,0001234573,ESF 7,4,2026-08-01
700286,BELTRANA FURTADO,1963-09-24,FEMININO,876708178153807,13395788408,(18) 92414-3753,0,2024-09-17 14:45:00,0,1,0001234567,ESF  1 ,2026-04-04,0001234567,ESF  1 ,2,2026-08-01
700287,SICRANO HUNGRIA DE VASCONCELOS,1937-02-11,MASCULINO,759913049042120,00187784885,(14) 91478-8987,0,2025-05-29 08:20:00,1,1,0001234570,ESF 4,2026-02-21,0001234570,ESF 4,4,2026-08-01
700288,CICRANO VALADARES DE SAMPAIO,1986-01-09,MASCULINO,866183671236806,62575230871,(16) 91213-4163,0,2025-08-23 14:15:00,0,1,0001234568,ESF 2,2025-10-21,0001234568,ESF 2,1,2026-08-01
700289,SICRANA GALVAO REZENDE,1976-12-06,FEMININO,799842674162992,37836276059,(15) 99316-6571,0,2026-06-04 12:50:00,0,1,0001234571,ESF 5,2024-03-25,0001234571,ESF 5,0,2026-08-01
700290,SICRANO MESQUITA QUEIROZ,1978-06-11,MASCULINO,797465273080274,97161160040,(13) 92802-9268,0,2025-05-08 13:40:00,0,1,0001234572,ESF 5,2026-07-15,0001234572,ESF 5,2,2026-08-01
700291,CICRANO ORNELAS DA SAMPAIO,1969-04-10,MASCULINO,754843532709126,14032672190,(16) 94149-3869,0,2024-10-09 08:40:00,0,1,0001234567,ESF  1 ,2026-03-14,0001234567,ESF  1 ,3,2026-08-01
700292,FULANO DA XAVIER,1971-03-17,MASCULINO,819369762943406,40884019137,(19) 96263-9719,0,2025-11-05 10:50:00,0,1,0001234572,ESF 5,2026-07-11,0001234572,ESF 5,3,2026-08-01
700293,BELTRANO DA ESCOBAR,1967-04-02,MASCULINO,881000471121742,38244519216,(15) 91877-3210,0,2026-02-24 14:00:00,0,1,0001234568,ESF 2,2026-03-31,0001234568,ESF 2,3,2026-08-01
700294,,1962-08-20,FEMININO,709555554786230,68053308318,(17) 97463-8233,0,2025-12-28 13:30:00,1,1,0001234570,ESF 4,2026-07-15,0001234570,ESF 4,2,2026-08-01
700295,SICRANO DE ESTEVES,1961-12-09,MASCULINO,792836410390122,18716135823,(19) 96797-4335,0,2026-05-02 13:40:00,0,1,0001234571,ESF 5,2026-03-27,0001234571,ESF 5,1,2026-08-01
700296,BELTRANO ESTEVES DA CORDEIRO,1971-11-23,MASCULINO,788352146670520,15076333782,(12) 92853-3130,0,2025-06-19 15:30:00,1,1,0001234568,ESF 2,2025-09-24,0001234568,ESF 2,1,2026-08-01
700297,FULANA BANDEIRA UCHOA,1958-02-11,FEMININO,834852008035601,91458531695,(19) 92345-8892,0,2025-01-12 10:20:00,0,1,0001234567,ESF  1 ,2026-03-17,0001234567,ESF  1 ,3,2026-08-01
700298,BELTRANO BANDEIRA,1983-02-26,MASCULINO,777826560888398,88702466989,(12) 97136-1387,0,2026-03-01 08:00:00,0,1,0001234569,ESF 3,2026-07-04,0001234569,ESF 3,2,2026-08-01
700299,BELTRANO PORTELA DA XAVIER,1944-03-09,MASCULINO,788257871145768,36641332854,(11) 99164-5435,0,2025-11-16 08:15:00,0,1,0001234568,ESF 2,2022-08-14,0001234568,ESF 2,0,2026-08-01
700300,FULANO HUNGRIA DE LACERDA,1967-04-14,MASCULINO,805575840415926,23267755701,(11) 92973-8826,0,2026-07-29 11:00:00,1,1,0001234570,ESF 4,2026-02-21,0001234570,ESF 4,1,2026-08-01
700301,SICRANA DA LACERDA,1973-04-16,FEMININO,783881099060220,90661449808,(16) 99615-6195,0,2024-12-15 15:30:00,1,1,0001234569,ESF 3,2025-11-24,0001234569,ESF 3,1,2026-08-01
700302,SICRANA MESQUITA DA ESCOBAR,1980-05-06,FEMININO,733317929786464,83999861518,(13) 99777-2315,0,2026-07-04 13:15:00,0,1,0001234568,ESF 2,2024-11-03,0001234568,ESF 2,0,2026-08-01
700303,BELTRANA GUIMARAES NOVAES,1940-10-10,FEMININO,730433759287417,05146240001,(19) 98114-7697,0,2026-01-27 14:10:00,0,1,0001234569,ESF 3,2025-09-29,0001234569,ESF 3,3,2026-08-01
700304,CICRANA MESQUITA,1966-05-26,FEMININO,883089160509270,85178165285,(15) 92295-4748,0,2025-05-12 16:15:00,1,1,0001234572,ESF 5,2024-04-11,0001234572,ESF 5,0,2026-08-01
700305,CICRANA DANTAS MESQUITA,1962-11-28,FEMININO,748370739158711,72271404402,(16) 93765-5390,0,2025-11-03 16:30:00,1,1,0001234569,ESF 3,2023-02-08,0001234569,ESF 3,0,2026-08-01
700306,BELTRANO ALBUQUERQUE DE TAVARES,1978-10-11,MASCULINO,895029378210238,54768437606,(18) 96750-9048,0,2026-06-14 14:50:00,0,1,0001234569,ESF 3,2024-10-26,0001234569,ESF 3,0,2026-08-01
700307,FULANA ZAMBONI DE LOUREIRO,1956-01-24,FEMININO,874748641568465,06871413970,(11) 98891-9521,0,2026-02-23 14:10:00,0,1,0001234567,ESF  1 ,2025-12-19,0001234567,ESF  1 ,1,2026-08-01
700308,BELTRANA VASCONCELOS DE VALADARES,1985-01-28,FEMININO,719943385399789,82940642975,(13) 94609-9410,0,2026-07-11 16:00:00,1,1,0001234573,ESF 7,2025-07-13,0001234573,ESF 7,0,2026-08-01
700309,CICRANO PORTELA,1966-05-08,MASCULINO,807707199825551,17495398613,(18) 97099-4163,0,2025-12-23 14:50:00,1,1,0001234572,ESF 5,2026-07-04,0001234572,ESF 5,1,2026-08-01
700310,CICRANO DELGADO DE LOUREIRO,1960-02-17,MASCULINO,813114363068247,97552988518,(14) 92178-2192,0,2024-09-07 10:30:00,0,1,0001234569,ESF 3,2025-12-13,0001234569,ESF 3,2,2026-08-01
700311,BELTRANO PEIXOTO DA NOGUEIRA,1962-05-22,MASCULINO,729440445833811,56327779281,(15) 92609-7054,0,2025-10-13 10:10:00,1,1,0001234571,ESF 5,2023-08-24,0001234571,ESF 5,0,2026-08-01
700312,FULANO ORNELAS TAVARES,1941-02-11,MASCULINO,811314092774095,97391575993,(12) 99275-6431,0,2025-11-13 09:00:00,0,1,0001234571,ESF 5,2025-08-05,0001234571,ESF 5,1,2026-08-01
700313,FULANA NOGUEIRA CORDEIRO,1964-03-07,FEMININO,810371098986818,51630808734,(13) 96152-8917,0,2025-05-31 15:10:00,1,1,0001234568,ESF 2,2023-08-17,0001234568,ESF 2,0,2026-08-01
700314,CICRANA ORNELAS,1981-07-28,FEMININO,808731138193642,14878179598,(12) 98622-6694,0,2025-05-13 11:00:00,1,1,0001234573,ESF 7,2025-01-23,0001234573,ESF 7,0,2026-08-01
700315,SICRANA FONTOURA DA FURTADO,1952-02-10,FEMININO,898726891163735,44948728579,(14) 98347-8889,0,2026-05-25 16:20:00,0,1,0001234568,ESF 2,2025-05-26,0001234568,ESF 2,0,2026-08-01
700316,CICRANA QUEIROZ DA ORNELAS,1972-12-29,FEMININO,896019031009023,29698899601,(16) 94885-5339,0,2026-01-02 16:15:00,0,1,0001234567,ESF  1 ,2025-05-16,0001234567,ESF  1 ,0,2026-08-01
700317,CICRANO BANDEIRA DA DELGADO,1950-09-29,MASCULINO,724542984026187,30140924796,(13) 94810-5488,0,2025-01-01 15:15:00,0,1,0001234570,ESF 4,2025-04-06,0001234570,ESF 4,0,2026-08-01
700318,CICRANO FURTADO DE LACERDA,1937-11-18,MASCULINO,828701358234700,86098031801,(12) 96675-6701,0,2025-01-22 10:00:00,0,1,0001234573,ESF 7,2023-08-17,0001234573,ESF 7,0,2026-08-01
700319,SICRANA ESCOBAR DE ESCOBAR,1984-01-10,FEMININO,855520514996413,77257251801,(14) 95278-6867,0,2025-12-11 16:00:00,1,1,0001234570,ESF 4,2025-08-06,0001234570,ESF 4,3,2026-08-01
700320,BELTRANO FONTOURA DOS JARDIM,1946-02-01,MASCULINO,700290034358242,52298411256,(15) 97092-8613,0,2026-01-23 15:10:00,0,1,0001234569,ESF 3,2024-05-27,0001234569,ESF 3,0,2026-08-01
700321,SICRANO REZENDE,1966-07-13,MASCULINO,842702882093415,73180934523,(17) 96613-9927,0,2026-07-26 12:40:00,0,1,0001234567,ESF  1 ,2025-11-29,0001234567,ESF  1 ,2,2026-08-01
700322,BELTRANA PORTELA DOS XAVIER,1936-10-22,FEMININO,764659797781416,07900829181,(12) 91037-3046,0,2025-05-16 11:30:00,1,1,0001234572,ESF 5,2023-06-01,0001234572,ESF 5,0,2026-08-01
700323,FULANA DOS HUNGRIA,1971-11-21,FEMININO,882110181980572,34794458615,(12) 95945-5101,0,2026-02-06 11:20:00,0,1,0001234573,ESF 7,2025-12-17,0001234573,ESF 7,2,2026-08-01
700324,SICRANA ORNELAS XAVIER,1939-01-02,FEMININO,770220918464697,90198711108,(16) 95772-8452,0,2025-05-10 14:00:00,0,1,0001234573,ESF 7,2025-07-25,0001234573,ESF 7,0,2026-08-01
700325,FULANA QUINTELA LOUREIRO,1960-07-07,FEMININO,823019839813105,33295147605,(12) 98929-9187,0,2025-03-19 09:10:00,1,1,0001234568,ESF 2,2024-08-02,0001234568,ESF 2,0,2026-08-01
700326,CICRANA DANTAS DE HUNGRIA,1957-12-06,FEMININO,785593890796097,23936818330,(14) 97853-4995,0,2025-08-26 13:15:00,1,1,0001234568,ESF 2,2024-08-12,0001234568,ESF 2,0,2026-08-01
700327,CICRANA HUNGRIA DE MARINHO,1958-07-23,FEMININO,859542874929699,86500957394,(12) 92625-9152,0,2025-08-02 15:00:00,1,1,0001234570,ESF 4,2025-12-22,0001234570,ESF 4,2,2026-08-01
700328,FULANA NOVAES CORDEIRO,1937-09-25,FEMININO,718133740829943,98552344212,(11) 95976-4583,0,2025-04-25 09:40:00,1,1,0001234571,ESF 5,2025-02-11,0001234571,ESF 5,0,2026-08-01
700329,BELTRANO ALBUQUERQUE TAVARES,1979-10-26,MASCULINO,798937205345903,73262697347,(19) 94374-1889,0,2026-02-24 15:50:00,0,1,0001234567,ESF  1 ,2025-12-21,0001234567,ESF  1 ,1,2026-08-01
700330,FULANA REZENDE DA FONTOURA,1966-04-24,FEMININO,742773212389420,57438736742,(14) 97265-5063,0,2025-10-19 09:10:00,0,1,0001234567,ESF  1 ,2022-04-16,0001234567,ESF  1 ,0,2026-08-01
700331,FULANO ESCOBAR DOS REZENDE,1937-04-14,MASCULINO,889712334857446,29410966206,(19) 93718-4593,0,2025-02-17 11:20:00,0,1,0001234568,ESF 2,2026-06-11,0001234568,ESF 2,3,2026-08-01
700332,SICRANA BANDEIRA,1942-08-28,FEMININO,720283232490552,88578645457,(18) 95173-1796,0,2026-02-03 16:30:00,0,1,0001234569,ESF 3,2026-06-28,0001234569,ESF 3,2,2026-08-01
700333,FULANA REZENDE,1940-05-02,FEMININO,873103598661513,99672231386,(12) 98342-4764,0,2025-05-13 15:15:00,1,1,0001234568,ESF 2,2023-07-01,0001234568,ESF 2,0,2026-08-01
700334,BELTRANO ORNELAS,1980-10-23,MASCULINO,755945155601050,33631585137,(15) 96784-9412,0,2025-07-28 14:00:00,0,1,0001234570,ESF 4,2026-06-10,0001234570,ESF 4,4,2026-08-01
700335,BELTRANO FURTADO DA ESCOBAR,1968-01-01,MASCULINO,838268364215192,34165174662,(17) 93497-9940,0,2025-04-05 15:30:00,0,1,0001234573,ESF 7,2024-10-21,0001234573,ESF 7,0,2026-08-01
700336,BELTRANO QUINTELA DOS CARVALHO,1970-09-25,MASCULINO,778756209467752,00304238059,(13) 92177-4099,0,2025-12-24 15:45:00,0,1,0001234567,ESF  1 ,2026-07-10,0001234567,ESF  1 ,2,2026-08-01
700337,CICRANO DA LACERDA,1960-09-03,MASCULINO,764542512377406,23728950603,(19) 94639-4756,0,2026-04-23 15:30:00,1,1,0001234570,ESF 4,2026-07-07,0001234570,ESF 4,2,2026-08-01
700338,CICRANO SAMPAIO,1953-05-07,MASCULINO,709217406826286,26639877270,(11) 97785-5520,0,2025-10-31 11:40:00,1,1,0001234568,ESF 2,2025-10-22,0001234568,ESF 2,2,2026-08-01
700339,BELTRANA MESQUITA,1949-02-08,FEMININO,896266870528035,90684131553,(16) 98505-4690,0,2025-08-09 09:50:00,1,1,0001234569,ESF 3,2026-04-04,0001234569,ESF 3,2,2026-08-01
700340,CICRANO ESTEVES TAVARES,1961-10-21,MASCULINO,761985393323956,01592045937,(12) 98755-5613,0,2025-02-10 10:15:00,1,1,0001234568,ESF 2,2026-07-18,0001234568,ESF 2,2,2026-08-01
700341,CICRANA UCHOA DE ALBUQUERQUE,1942-05-11,FEMININO,768035001283896,55490263840,(14) 91231-2110,0,2025-06-23 13:50:00,0,1,0001234572,ESF 5,2026-07-29,0001234572,ESF 5,2,2026-08-01
700342,CICRANO SALGADO,1981-09-15,MASCULINO,789704515307209,86858894994,(11) 94488-6769,0,2026-02-22 11:20:00,1,1,0001234571,ESF 5,2024-10-30,0001234571,ESF 5,0,2026-08-01
700343,CICRANO VASCONCELOS DOS ORNELAS,1951-12-10,MASCULINO,848557498078002,96601416615,(11) 91540-2965,0,2026-01-02 08:50:00,0,1,0001234573,ESF 7,2026-05-11,0001234573,ESF 7,6,2026-08-01
700344,FULANA CORDEIRO QUINTELA,1984-06-23,FEMININO,883037751576346,01461698082,(12) 94589-1828,0,2025-10-30 14:45:00,0,1,0001234571,ESF 5,2025-08-08,0001234571,ESF 5,2,2026-08-01
700345,FULANA HUNGRIA,1959-05-02,FEMININO,861537989072834,89576647348,(17) 94140-6349,0,2025-09-23 16:00:00,0,1,0001234567,ESF  1 ,2026-04-08,0001234567,ESF  1 ,2,2026-08-01
700346,FULANA QUEIROZ DOS HUNGRIA,1944-03-02,FEMININO,721159829486890,04750509915,(17) 94336-7860,0,2025-02-22 16:45:00,0,1,0001234569,ESF 3,2026-05-30,0001234569,ESF 3,2,2026-08-01
700347,BELTRANA TEIXEIRA DOS QUEIROZ,1957-01-28,FEMININO,788922061082701,21823759883,(17) 98914-1796,0,2025-08-04 08:15:00,1,1,0001234569,ESF 3,2025-12-23,0001234569,ESF 3,6,2026-08-01
700348,BELTRANA HUNGRIA DE NOVAES,1984-08-23,FEMININO,842978776331065,30779830521,(17) 91238-3070,0,2026-04-27 14:30:00,1,1,0001234569,ESF 3,2025-12-12,0001234569,ESF 3,4,2026-08-01
700349,FULANO SAMPAIO,1977-10-18,MASCULINO,753184026191694,20627524151,(14) 91218-6195,0,2025-09-11 13:40:00,1,1,0001234567,ESF  1 ,2026-03-03,0001234567,ESF  1 ,6,2026-08-01
700350,SICRANO SALGADO MARINHO,1963-09-19,MASCULINO,710917880706266,27693794701,(18) 91549-4252,0,2025-12-23 14:10:00,1,1,0001234571,ESF 5,2025-12-06,0001234571,ESF 5,3,2026-08-01
700351,CICRANO TEIXEIRA,1948-03-15,MASCULINO,811126582654183,22544313316,(18) 99628-1321,0,2025-05-13 09:40:00,0,1,0001234572,ESF 5,2025-01-12,0001234572,ESF 5,0,2026-08-01
700352,BELTRANO LOUREIRO,1961-10-19,MASCULINO,741893783903413,51907976001,(11) 92108-9772,0,2024-12-24 15:15:00,0,1,0001234573,ESF 7,2025-07-14,0001234573,ESF 7,0,2026-08-01
700353,SICRANO LACERDA DOS MESQUITA,1938-03-23,MASCULINO,787951457077239,86288378683,(19) 94181-9128,0,2026-06-24 09:40:00,0,1,0001234573,ESF 7,2025-12-03,0001234573,ESF 7,2,2026-08-01
700354,FULANO DE DELGADO,1963-12-25,MASCULINO,767065371040066,77759094630,(19) 95257-4470,1,2024-12-14 09:30:00,1,1,0001234568,ESF 2,2026-07-11,0001234568,ESF 2,2,2026-08-01
700355,CICRANO DE GUIMARAES,1948-11-23,MASCULINO,887883902496186,72173109031,(18) 91499-8675,1,2025-07-12 11:45:00,0,1,0001234571,ESF 5,2026-04-07,0001234571,ESF 5,4,2026-08-01
700356,BELTRANO SAMPAIO TAVARES,1977-07-24,MASCULINO,795332377987807,20804521264,(17) 96114-7315,1,2024-12-16 08:00:00,0,1,0001234572,ESF 5,2026-07-17,0001234572,ESF 5,3,2026-08-01
700357,FULANO PEIXOTO DOS REZENDE,1964-10-05,MASCULINO,755198129059521,59334780241,(14) 93310-8778,1,2025-01-25 16:50:00,0,1,0001234568,ESF 2,2021-12-25,0001234568,ESF 2,0,2026-08-01
700358,CICRANA TAVARES DE HUNGRIA,1937-08-29,FEMININO,880144706555697,25440141562,(11) 91702-5463,1,2024-11-20 13:40:00,0,1,0001234573,ESF 7,2026-07-15,0001234573,ESF 7,3,2026-08-01
700359,CICRANA UCHOA GUIMARAES,1978-06-19,FEMININO,737231196733370,87576746042,(15) 94287-8722,1,2024-10-30 08:40:00,0,1,0001234570,ESF 4,2026-06-24,0001234570,ESF 4,3,2026-08-01
700360,CICRANA BITTENCOURT,1959-09-19,FEMININO,802074900608504,82954502712,(13) 98469-6154,0,2026-01-27 10:10:00,0,1,0001234567,ESF  1 ,,,,0,2026-08-01
700361,SICRANO DE PORTELA,1964-02-25,MASCULINO,758668889328840,18095526721,(15) 93963-4338,0,2026-02-25 14:50:00,0,1,0001234571,ESF 5,,,,0,2026-08-01
700362,SICRANA HUNGRIA DA TAVARES,1981-12-27,FEMININO,887207444721394,30521479518,(16) 94483-9216,0,2026-04-13 16:50:00,0,1,0001234568,ESF 2,2025-08-30,0001234568,ESF 2,4,2026-08-01
700363,BELTRANO SALGADO QUEIROZ,1972-05-17,MASCULINO,788453564895662,53050590620,(14) 98347-7010,0,2026-02-28 12:40:00,0,1,0001234570,ESF 4,2022-11-04,0001234570,ESF 4,0,2026-08-01
700364,FULANO DOS HUNGRIA,1951-12-16,MASCULINO,865558332867008,51536562093,(15) 96302-6992,0,2026-07-22 09:00:00,0,1,0001234573,ESF 7,2025-12-13,0001234573,ESF 7,1,2026-08-01
700365,CICRANA ESTEVES DA LOUREIRO,1982-07-24,FEMININO,855326908155267,86936456414,(19) 91569-6396,0,2025-08-10 15:40:00,0,1,0001234569,ESF 3,,,,0,2026-08-01
700366,SICRANO SALGADO GALVAO,1977-10-04,MASCULINO,743148177681042,40381351603,(19) 92987-3379,0,2025-10-04 14:30:00,0,1,0001234571,ESF 5,2025-04-16,0001234571,ESF 5,0,2026-08-01
700367,CICRANO BANDEIRA,1962-02-28,MASCULINO,702315691489156,58839792385,(15) 93213-4596,0,2025-03-29 09:45:00,0,1,0001234569,ESF 3,2022-09-28,0001234569,ESF 3,0,2026-08-01
700368,SICRANA LOUREIRO BANDEIRA,1982-03-02,FEMININO,731697675172474,29712793835,(14) 99349-3082,0,2024-12-18 10:00:00,0,1,0001234573,ESF 7,2026-01-08,0001234573,ESF 7,1,2026-08-01
700369,BELTRANO PORTELA NOVAES,1941-07-04,MASCULINO,814434114303103,62433609039,(14) 91370-4056,0,2026-02-27 11:30:00,0,1,0001234573,ESF 7,,,,0,2026-08-01
700370,SICRANA MARINHO VASCONCELOS,1951-11-12,FEMININO,887509407393225,59082398011,(19) 91946-3970,0,2026-04-04 10:20:00,0,1,0001234567,ESF  1 ,2024-11-07,0001234567,ESF  1 ,0,2026-08-01
700371,BELTRANA TAVARES DE REZENDE,1981-05-25,FEMININO,720972021025822,21635164665,(18) 97011-6810,0,2025-07-05 08:10:00,0,1,0001234568,ESF 2,,,,0,2026-08-01
700372,FULANO QUEIROZ DOS FONTOURA,1952-08-27,MASCULINO,742807179287209,37871308701,(16) 98096-5820,0,2025-02-03 11:30:00,0,1,0001234567,ESF  1 ,2025-03-03,0001234567,ESF  1 ,0,2026-08-01
700373,SICRANA ESCOBAR,1949-08-02,FEMININO,802124724774942,02213271934,(16) 93527-7933,0,2026-05-11 16:45:00,0,1,0001234567,ESF  1 ,,,,0,2026-08-01
700374,SICRANO BANDEIRA,1965-04-13,MASCULINO,705751256012325,86883255614,(19) 95122-4731,0,2026-03-18 11:10:00,0,1,0001234567,ESF  1 ,,,,0,2026-08-01
700375,SICRANO VALADARES ZAMBONI,1944-12-26,MASCULINO,860150338272490,95228146017,(12) 97555-5255,0,2026-03-25 10:40:00,0,1,0001234572,ESF 5,,,,0,2026-08-01
700376,CICRANA DE ESTEVES,1967-07-23,FEMININO,882421672012319,89643072593,(12) 98109-1418,0,2024-12-08 11:20:00,0,1,0001234568,ESF 2,2025-05-09,0001234568,ESF 2,0,2026-08-01
700377,SICRANA QUEIROZ ORNELAS,1984-09-27,FEMININO,713411896889655,26831649638,(19) 96367-7520,0,2025-04-03 14:00:00,0,1,0001234572,ESF 5,,,,0,2026-08-01
700378,FULANA SALGADO,1945-09-28,FEMININO,792339452030584,03930849659,(17) 98191-5214,0,2025-12-14 08:40:00,0,1,0001234571,ESF 5,,,,0,2026-08-01
700379,FULANO TEIXEIRA,1969-11-27,MASCULINO,743274747346524,02408315353,(12) 95018-8724,0,2026-06-30 11:10:00,0,1,0001234569,ESF 3,,,,0,2026-08-01
700380,BELTRANA DA CORDEIRO,1943-03-02,FEMININO,884210002249091,74261701791,(11) 95249-2522,0,2026-05-24 13:20:00,0,0,0001234568,ESF 2,2026-05-17,0001234568,ESF 2,7,2026-08-01
700381,BELTRANA FONTOURA DOS ZAMBONI,1969-02-07,FEMININO,854862367030364,23450615964,(13) 96191-7232,0,2026-06-22 12:45:00,0,0,0001234570,ESF 4,2026-04-03,0001234570,ESF 4,2,2026-08-01
700382,FULANA ESCOBAR FURTADO,1942-09-01,FEMININO,861505543696343,29990922293,(19) 95627-9739,0,2025-06-10 08:10:00,0,0,0001234573,ESF 7,2026-06-19,0001234573,ESF 7,5,2026-08-01
700383,CICRANA ZAMBONI REZENDE,1937-04-24,FEMININO,827611019956201,47665159274,(16) 99002-4404,0,2025-02-16 11:10:00,1,0,0001234568,ESF 2,2026-06-09,0001234568,ESF 2,10,2026-08-01
700384,SICRANO VASCONCELOS DE PEIXOTO,1975-08-23,MASCULINO,720560775437289,05854013305,(13) 95765-9173,0,2026-02-20 08:20:00,1,0,0001234569,ESF 3,2023-12-12,0001234569,ESF 3,0,2026-08-01
700385,CICRANO HUNGRIA MESQUITA,1950-08-31,MASCULINO,701659575302340,37339056441,(17) 94543-4522,0,2026-06-10 08:10:00,0,0,0001234571,ESF 5,2026-07-02,0001234571,ESF 5,2,2026-08-01
700386,CICRANA DOS BITTENCOURT,1988-06-05,FEMININO,711681477128835,04185985682,(18) 91119-2147,0,2024-12-27 12:45:00,0,0,0001234573,ESF 7,2026-02-22,0001234573,ESF 7,2,2026-08-01
700387,BELTRANO NOVAES,1961-12-08,MASCULINO,739766467840300,34357942676,(14) 93432-6739,0,2025-05-10 14:15:00,1,0,0001234572,ESF 5,2026-03-04,0001234572,ESF 5,1,2026-08-01
700388,BELTRANA DOS QUINTELA,1950-01-10,FEMININO,877063127507551,85056679306,(17) 98244-2836,0,2024-11-01 16:30:00,0,0,0001234567,ESF  1 ,2023-07-06,0001234567,ESF  1 ,0,2026-08-01
700389,CICRANO NOGUEIRA NOGUEIRA,1948-11-10,MASCULINO,820354902446243,36922097701,(14) 94081-3874,0,2026-01-14 14:45:00,0,0,0001234572,ESF 5,2026-04-10,0001234572,ESF 5,9,2026-08-01
700390,BELTRANO DOS PORTELA,1937-01-31,MASCULINO,726472361700353,89327342080,(19) 97684-1763,0,2024-11-22 08:20:00,0,0,0001234567,ESF  1 ,2026-06-19,0001234567,ESF  1 ,2,2026-08-01
700391,FULANO XAVIER,1945-07-13,MASCULINO,882112678292270,67461122259,(16) 96104-9531,0,2026-06-01 12:40:00,0,0,0001234571,ESF 5,2026-02-12,0001234571,ESF 5,4,2026-08-01
700392,FULANA TAVARES DE ESTEVES,1993-03-03,FEMININO,798241769025075,91972804881,(11) 98891-8964,0,2025-11-13 16:40:00,0,0,0001234569,ESF 3,,,,0,2026-08-01
700393,CICRANA BITTENCOURT TAVARES,2014-03-14,FEMININO,789570551378290,07366749851,(16) 91369-5458,0,2024-11-29 09:00:00,0,0,0001234568,ESF 2,2026-03-06,0001234568,ESF 2,1,2026-08-01
700394,CICRANA FURTADO DA XAVIER,1960-11-17,FEMININO,742032528529667,77015112109,(16) 94008-8508,0,2026-03-14 12:15:00,0,0,0001234570,ESF 4,,,,0,2026-08-01
700395,CICRANA DOS CARVALHO,2002-07-09,FEMININO,776634263951128,50470403803,(18) 93107-3919,0,2025-12-04 10:00:00,1,0,0001234567,ESF  1 ,2025-11-07,0001234567,ESF  1 ,1,2026-08-01
700396,FULANO ESCOBAR,1960-05-29,MASCULINO,774916671506817,62054957675,(19) 93214-8987,0,2025-07-07 15:15:00,0,0,0001234573,ESF 7,2025-12-05,0001234573,ESF 7,5,2026-08-01
700397,FULANA NOGUEIRA,1998-02-18,FEMININO,774218158636968,72054100537,(19) 93408-8564,0,2025-08-10 09:15:00,0,0,0001234569,ESF 3,2025-01-04,0001234569,ESF 3,0,2026-08-01
700398,FULANA QUEIROZ DOS QUEIROZ,1949-05-19,FEMININO,756083370716369,06914469548,(13) 91420-5135,0,2025-03-31 10:20:00,0,0,0001234573,ESF 7,2025-04-05,0001234573,ESF 7,0,2026-08-01
700399,CICRANO GALVAO BITTENCOURT,2004-02-02,MASCULINO,883284606439625,24858780059,(15) 99040-4032,0,2026-01-03 13:50:00,0,0,0001234572,ESF 5,2026-01-06,0001234572,ESF 5,1,2026-08-01
700400,FULANA FURTADO LACERDA,1976-12-02,FEMININO,829557575987894,17325256842,(19) 98493-9995,0,2024-11-08 15:30:00,0,0,0001234567,ESF  1 ,2024-04-13,0001234567,ESF  1 ,0,2026-08-01
700401,SICRANO PEIXOTO GALVAO,1942-08-25,MASCULINO,758623090727654,59502932901,(13) 98028-7552,0,2025-03-28 11:00:00,1,0,0001234567,ESF  1 ,2026-03-19,0001234567,ESF  1 ,2,2026-08-01
700402,CICRANO SALGADO GUIMARAES,1994-10-01,MASCULINO,773781684375169,82958755313,(16) 96325-1527,0,2025-01-12 16:30:00,0,0,0001234571,ESF 5,2025-12-20,0001234571,ESF 5,1,2026-08-01
700403,CICRANO REZENDE,1985-11-09,MASCULINO,882055763454590,37544503870,(17) 94794-2079,0,2025-07-22 09:50:00,0,0,0001234571,ESF 5,2024-06-22,0001234571,ESF 5,0,2026-08-01
700404,FULANO MESQUITA,1985-04-03,MASCULINO,855971624015779,29482190786,(18) 93212-8021,0,2025-06-20 08:00:00,0,0,0001234572,ESF 5,2024-11-10,0001234572,ESF 5,0,2026-08-01
700405,BELTRANA SALGADO DA MESQUITA,1948-04-25,FEMININO,785357323724944,01624689621,(11) 97928-2639,0,2025-09-27 08:45:00,0,0,0001234571,ESF 5,2026-03-18,0001234571,ESF 5,1,2026-08-01
700406,FULANO DOS JARDIM,1963-04-29,MASCULINO,803606051908455,05773675103,(15) 91008-4681,0,2026-06-28 09:30:00,0,0,0001234571,ESF 5,2023-09-14,0001234571,ESF 5,0,2026-08-01
700407,BELTRANO DE MARINHO,1960-03-15,MASCULINO,886171574568950,12582337707,(11) 92612-3811,0,2025-02-28 14:20:00,1,0,0001234567,ESF  1 ,2022-08-16,0001234567,ESF  1 ,0,2026-08-01
700408,CICRANA SALGADO GUIMARAES,1939-11-09,FEMININO,832285966754737,08338324761,(14) 91032-3784,0,2026-02-17 13:20:00,0,0,0001234568,ESF 2,2024-08-14,0001234568,ESF 2,0,2026-08-01
700409,BELTRANO SALGADO DA LACERDA,1968-03-07,MASCULINO,849028306197988,13458188909,(16) 96907-9850,0,2025-06-18 15:45:00,0,0,0001234567,ESF  1 ,2026-04-24,0001234567,ESF  1 ,1,2026-08-01
700410,SICRANO ZAMBONI DOS QUEIROZ,2016-12-02,MASCULINO,762555888062466,53936599115,(17) 99662-1127,0,2024-11-22 10:10:00,0,0,0001234572,ESF 5,2026-06-02,0001234572,ESF 5,1,2026-08-01
700411,CICRANA VALADARES,1941-04-28,FEMININO,790710592932723,98064303606,(11) 98931-1718,0,2025-11-20 13:40:00,1,0,0001234569,ESF 3,,,,0,2026-08-01
700412,BELTRANA MESQUITA,1943-08-25,FEMININO,743242304250319,42640340515,(11) 98392-6438,0,2025-08-30 14:15:00,0,0,0001234573,ESF 7,2026-03-15,0001234573,ESF 7,1,2026-08-01
700413,CICRANO DA GUIMARAES,1977-01-27,MASCULINO,746204224065589,53191556703,(14) 94124-7943,0,2026-07-08 09:30:00,0,0,0001234573,ESF 7,2025-06-20,0001234573,ESF 7,0,2026-08-01
700414,BELTRANO ALBUQUERQUE,2022-03-10,MASCULINO,817254963540208,24407401011,(17) 93068-6163,0,2025-10-24 08:15:00,0,0,0001234573,ESF 7,2023-05-13,0001234573,ESF 7,0,2026-08-01
700415,BELTRANA FONTOURA DE DELGADO,1975-01-15,FEMININO,829123040836545,73216110789,(15) 96473-3520,0,2025-10-08 09:00:00,0,0,0001234573,ESF 7,2025-10-06,0001234573,ESF 7,2,2026-08-01
700416,CICRANA DA QUEIROZ,1943-01-02,FEMININO,801997651848720,08761119165,(17) 93726-6024,0,2025-04-23 15:20:00,0,0,0001234572,ESF 5,2026-01-14,0001234572,ESF 5,1,2026-08-01
700417,SICRANA DA MARINHO,1981-10-01,FEMININO,761368980450042,76033866241,(19) 93124-9423,0,2024-10-10 13:15:00,0,0,0001234570,ESF 4,2026-02-13,0001234570,ESF 4,1,2026-08-01
700418,SICRANO DELGADO,2020-02-28,MASCULINO,762853886966199,77626825200,(12) 91616-3410,0,2025-07-12 10:15:00,0,0,0001234573,ESF 7,2025-01-28,0001234573,ESF 7,0,2026-08-01
700419,FULANA UCHOA DE FONTOURA,1949-12-20,FEMININO,856941578781926,24472195390,(14) 94931-6613,0,2025-01-05 15:15:00,0,0,0001234568,ESF 2,,,,0,2026-08-01
700420,SICRANO DANTAS LOUREIRO,2024-08-11,MASCULINO,704199366484679,44729063768,(17) 91453-9784,0,2025-12-17 09:50:00,0,0,0001234571,ESF 5,2023-03-14,0001234571,ESF 5,0,2026-08-01
700421,CICRANA FURTADO QUEIROZ,1955-08-20,FEMININO,751502360059554,55345342068,(19) 93081-4382,0,2025-04-21 09:00:00,0,0,0001234568,ESF 2,,,,0,2026-08-01
700422,,2017-05-07,MASCULINO,896336656386406,06092825067,(19) 94556-9074,0,2024-12-03 11:10:00,0,0,0001234572,ESF 5,,,,0,2026-08-01
700423,FULANA DE BANDEIRA,2012-07-16,FEMININO,726462605801500,86959253901,(12) 97240-9474,0,2024-09-23 11:40:00,0,0,0001234572,ESF 5,2025-12-29,0001234572,ESF 5,1,2026-08-01
700424,CICRANO FONTOURA SALGADO,1951-03-10,MASCULINO,850238474853110,04997930726,(17) 98551-9847,0,2024-11-20 10:45:00,0,0,0001234568,ESF 2,2023-01-23,0001234568,ESF 2,0,2026-08-01
700425,BELTRANO DA MARINHO,1995-05-19,MASCULINO,890434946731557,30668009625,(17) 94833-8878,0,2025-08-30 13:20:00,0,0,0001234567,ESF  1 ,2024-12-21,0001234567,ESF  1 ,0,2026-08-01
700426,CICRANO ESCOBAR UCHOA,1981-12-18,MASCULINO,787458998220025,48827231588,(11) 91860-7089,0,2026-06-20 10:10:00,0,0,0001234569,ESF 3,2023-01-23,0001234569,ESF 3,0,2026-08-01
700427,CICRANO BITTENCOURT FONTOURA,1972-02-22,MASCULINO,723192122488320,23832536265,(15) 95040-3952,0,2026-03-08 14:15:00,0,0,0001234569,ESF 3,2024-12-14,0001234569,ESF 3,0,2026-08-01
700428,BELTRANO ESTEVES,1990-07-24,MASCULINO,814459060578228,55990847441,(13) 98788-6325,0,2025-07-09 09:20:00,0,0,0001234567,ESF  1 ,,,,0,2026-08-01
700429,BELTRANO DA ESTEVES,1974-12-26,MASCULINO,747743598726376,98773328848,(14) 91527-9737,0,2025-09-26 09:00:00,0,0,0001234568,ESF 2,,,,0,2026-08-01
700430,FULANO DANTAS PEIXOTO,2002-03-04,MASCULINO,894734646416378,88908872737,(12) 99178-9685,0,2024-10-26 16:45:00,0,0,0001234567,ESF  1 ,2024-04-25,0001234567,ESF  1 ,0,2026-08-01
700431,FULANO GALVAO,2017-10-06,MASCULINO,842663281773339,51980788163,(19) 92306-7619,0,2025-04-14 09:45:00,0,0,0001234567,ESF  1 ,2026-03-17,0001234567,ESF  1 ,1,2026-08-01
700432,SICRANA DE SALGADO,1994-12-19,FEMININO,805120861095679,36970330347,(15) 96380-3438,0,2025-05-07 14:10:00,0,0,0001234569,ESF 3,2022-12-21,0001234569,ESF 3,0,2026-08-01
700433,SICRANO DE GALVAO,1984-11-27,MASCULINO,750177710047501,56080412242,(11) 96447-7782,0,2025-07-01 13:45:00,0,0,0001234571,ESF 5,2024-10-26,0001234571,ESF 5,0,2026-08-01
700434,BELTRANA FONTOURA NOVAES,1998-12-01,FEMININO,737432391558160,30254913882,(11) 95436-3979,0,2025-03-05 12:10:00,0,0,0001234573,ESF 7,2026-06-23,0001234573,ESF 7,1,2026-08-01
700435,SICRANO DE ESCOBAR,1975-09-02,MASCULINO,768207588975967,49594479826,(11) 98886-3845,0,2026-02-24 16:10:00,0,0,0001234572,ESF 5,2026-07-07,0001234572,ESF 5,1,2026-08-01
700436,BELTRANO XAVIER DOS QUINTELA,1979-06-20,MASCULINO,770257345501332,99992439590,(19) 99152-2129,0,2024-10-07 12:40:00,0,0,0001234570,ESF 4,2025-06-23,0001234570,ESF 4,0,2026-08-01
700437,SICRANO CORDEIRO DE JARDIM,1981-01-26,MASCULINO,842159037346075,53264707480,(16) 96424-8234,0,2025-08-05 15:30:00,0,0,0001234572,ESF 5,2026-05-08,0001234572,ESF 5,2,2026-08-01
700438,CICRANA ZAMBONI DOS VASCONCELOS,1983-08-22,FEMININO,818356950915875,98352056809,(11) 96358-8564,0,2025-08-12 09:40:00,0,0,0001234573,ESF 7,2024-11-23,0001234573,ESF 7,0,2026-08-01
700439,FULANA FURTADO VALADARES,1942-03-26,FEMININO,707913120629804,64368251696,(18) 95108-3041,0,2025-12-21 11:45:00,0,0,0001234569,ESF 3,,,,0,2026-08-01
700440,BELTRANA DA NOVAES,1948-08-04,FEMININO,771620411368465,63805227435,(13) 94895-3735,0,2025-01-27 10:50:00,0,0,0001234567,ESF  1 ,2024-03-25,0001234567,ESF  1 ,0,2026-08-01
700441,FULANO ALBUQUERQUE DOS GUIMARAES,1942-01-04,MASCULINO,818288816632666,39456086781,(11) 93384-2444,0,2025-02-12 13:50:00,0,0,0001234572,ESF 5,2026-02-21,0001234572,ESF 5,4,2026-08-01
700442,CICRANA XAVIER BANDEIRA,1939-10-12,FEMININO,716344603980670,88976069979,(13) 97641-6623,0,2026-07-07 08:40:00,0,0,0001234570,ESF 4,2025-03-17,0001234570,ESF 4,0,2026-08-01
700443,SICRANO HUNGRIA VALADARES,2024-09-17,MASCULINO,782109313674029,94567649151,(16) 96879-2023,0,2024-11-04 10:15:00,0,0,0001234572,ESF 5,2026-03-16,0001234572,ESF 5,1,2026-08-01
700444,FULANO NOVAES DA SAMPAIO,2005-03-17,MASCULINO,723455265353590,74325383108,(12) 98410-9744,0,2026-05-04 15:50:00,1,0,0001234571,ESF 5,2025-09-15,0001234571,ESF 5,1,2026-08-01
700445,BELTRANO ESTEVES LACERDA,1988-05-21,MASCULINO,722579498874876,13524052615,(18) 99093-3209,0,2026-03-10 10:20:00,0,0,0001234570,ESF 4,2024-12-04,0001234570,ESF 4,0,2026-08-01
700446,BELTRANO DELGADO,1944-10-16,MASCULINO,891914330790770,19981471934,(11) 91434-3639,0,2024-12-31 12:10:00,0,0,0001234570,ESF 4,2023-11-27,0001234570,ESF 4,0,2026-08-01
700447,BELTRANO DA TEIXEIRA,1949-01-12,MASCULINO,844440836471872,58212768458,(19) 95695-6076,0,2026-05-13 08:20:00,1,0,0001234569,ESF 3,2022-09-08,0001234569,ESF 3,0,2026-08-01
700448,BELTRANO JARDIM DA GUIMARAES,1957-02-10,MASCULINO,825820649580956,00882780426,(19) 95483-3483,0,2026-07-15 12:10:00,0,0,0001234571,ESF 5,2024-05-29,0001234571,ESF 5,0,2026-08-01
700449,FULANO DOS BANDEIRA,1999-06-20,MASCULINO,730023809733127,00800492731,(17) 91708-7368,0,2025-05-31 16:40:00,0,0,0001234568,ESF 2,2025-11-06,0001234568,ESF 2,1,2026-08-01
700450,CICRANA FURTADO ALBUQUERQUE,1981-07-25,FEMININO,803117962364660,93035038563,(18) 93748-1507,0,2025-03-25 08:10:00,0,0,0001234569,ESF 3,2025-07-01,0001234569,ESF 3,0,2026-08-01
700451,BELTRANA VALADARES,2004-07-12,FEMININO,843631723017447,61096477808,(17) 94213-6876,0,2025-09-25 16:15:00,0,0,0001234572,ESF 5,2023-07-23,0001234572,ESF 5,0,2026-08-01
700452,FULANO XAVIER BANDEIRA,1952-10-25,MASCULINO,784885774159744,14159558675,(14) 96629-6192,0,2024-10-14 11:10:00,0,0,0001234569,ESF 3,2026-02-25,0001234569,ESF 3,2,2026-08-01
700453,BELTRANA SALGADO MARINHO,1953-05-01,FEMININO,849661437936741,05157501821,(15) 96336-7046,0,2025-01-23 10:50:00,0,0,0001234571,ESF 5,2024-09-30,0001234571,ESF 5,0,2026-08-01
700454,FULANO PORTELA QUEIROZ,1938-07-21,MASCULINO,814208558359416,85321449857,(15) 97384-1191,0,2026-04-24 15:20:00,0,0,0001234568,ESF 2,2023-11-02,0001234568,ESF 2,0,2026-08-01
700455,BELTRANO DANTAS DOS ESCOBAR,1983-02-12,MASCULINO,836782607247646,48821568220,(15) 92656-9877,0,2025-04-15 14:50:00,0,0,0001234567,ESF  1 ,2025-07-20,0001234567,ESF  1 ,0,2026-08-01
700456,CICRANA DE PEIXOTO,1960-05-29,FEMININO,879428241996214,77009326704,(16) 93567-3453,0,2025-12-21 12:40:00,0,0,0001234569,ESF 3,2026-04-22,0001234569,ESF 3,1,2026-08-01
700457,SICRANA NOVAES DE CARVALHO,1953-05-19,FEMININO,855913635853579,33093165998,(15) 96611-8394,0,2025-12-21 14:30:00,0,0,0001234568,ESF 2,2025-05-26,0001234568,ESF 2,0,2026-08-01
700458,BELTRANA NOVAES,1982-11-08,FEMININO,816921584582752,66635883461,(18) 97015-2003,0,2026-04-27 09:00:00,0,0,0001234570,ESF 4,2025-06-22,0001234570,ESF 4,0,2026-08-01
700459,SICRANO TAVARES DA HUNGRIA,1992-04-01,MASCULINO,816145965916437,48551423607,(16) 94335-2233,0,2025-04-01 08:20:00,0,0,0001234569,ESF 3,2024-10-09,0001234569,ESF 3,0,2026-08-01
700460,CICRANO DA DANTAS,1938-10-27,MASCULINO,781980749383535,54248763070,(13) 91606-7454,0,2025-06-04 14:15:00,0,0,0001234569,ESF 3,2023-06-05,0001234569,ESF 3,0,2026-08-01
700461,BELTRANA NOVAES,1974-02-22,FEMININO,770065290283301,13131481995,(11) 98377-4112,0,2025-06-12 09:10:00,0,0,0001234571,ESF 5,2025-06-06,0001234571,ESF 5,0,2026-08-01
700462,FULANA DA GALVAO,1982-12-12,FEMININO,724780658131574,72753398110,(11) 93166-1260,0,2025-03-20 14:45:00,0,0,0001234572,ESF 5,2025-07-01,0001234572,ESF 5,0,2026-08-01
700463,SICRANA VASCONCELOS,1975-07-22,FEMININO,884469274020307,73481462876,(18) 94346-2894,0,2025-02-12 08:10:00,1,0,0001234573,ESF 7,2026-02-28,0001234573,ESF 7,2,2026-08-01
700464,BELTRANA FURTADO DE QUEIROZ,1952-01-15,FEMININO,771668926760073,95933960048,(17) 98651-2264,0,2025-11-27 11:45:00,0,0,0001234571,ESF 5,2026-01-12,0001234571,ESF 5,1,2026-08-01
700465,FULANO TEIXEIRA REZENDE,2020-01-03,MASCULINO,773905336218866,73591522679,(18) 99142-5022,0,2026-05-23 13:00:00,0,0,0001234569,ESF 3,2025-10-13,0001234569,ESF 3,3,2026-08-01
700466,BELTRANO DELGADO,2007-01-02,MASCULINO,816362406730272,89117336369,(19) 95147-3559,0,2025-01-23 11:10:00,1,0,0001234570,ESF 4,,,,0,2026-08-01
700467,SICRANA NOVAES DE DELGADO,2010-07-17,FEMININO,884178404197720,37572721967,(12) 98303-2180,0,2026-05-08 16:50:00,0,0,0001234572,ESF 5,2023-08-10,0001234572,ESF 5,0,2026-08-01
700468,CICRANO DA BITTENCOURT,1961-05-03,MASCULINO,874880316185743,98990866490,(11) 93008-1700,0,2024-10-24 14:40:00,0,0,0001234569,ESF 3,2022-07-02,0001234569,ESF 3,0,2026-08-01
700469,BELTRANO DANTAS DA QUEIROZ,1967-10-30,MASCULINO,732861615604152,33401092228,(16) 99725-2471,0,2025-06-20 13:40:00,0,0,0001234569,ESF 3,2025-07-27,0001234569,ESF 3,0,2026-08-01
700470,FULANO LACERDA,1947-06-17,MASCULINO,720029454330665,55636654457,(16) 91156-6263,0,2026-03-06 12:20:00,0,0,0001234571,ESF 5,2025-11-22,0001234571,ESF 5,1,2026-08-01
700471,SICRANO TAVARES TEIXEIRA,2027-05-14,MASCULINO,766778756180946,29031263134,(17) 93738-9470,0,2025-10-05 13:45:00,0,0,0001234568,ESF 2,2026-04-01,0001234568,ESF 2,2,2026-08-01
700472,BELTRANO BITTENCOURT PORTELA,2011-06-28,MASCULINO,738421705063040,77449730112,(18) 99767-2853,0,2025-08-07 16:00:00,0,0,0001234572,ESF 5,2024-01-26,0001234572,ESF 5,0,2026-08-01
700473,BELTRANA GUIMARAES,2002-07-13,FEMININO,853962102791511,85025428697,(13) 95372-4497,0,2026-01-13 10:50:00,0,0,0001234568,ESF 2,2026-06-10,0001234568,ESF 2,7,2026-08-01
700474,CICRANO GALVAO DOS QUEIROZ,1948-08-03,MASCULINO,746586050611640,91013408404,(19) 97942-8895,0,2025-02-19 13:15:00,0,0,0001234570,ESF 4,2026-05-30,0001234570,ESF 4,1,2026-08-01
700475,SICRANO MARINHO DA XAVIER,1998-11-28,MASCULINO,714062836289208,21451482991,(14) 94588-9612,0,2026-04-18 08:50:00,0,0,0001234570,ESF 4,2023-11-27,0001234570,ESF 4,0,2026-08-01
700476,SICRANO JARDIM ALBUQUERQUE,1953-08-21,MASCULINO,731151788906327,15931229770,(12) 99139-6699,0,2025-04-24 14:40:00,1,0,0001234569,ESF 3,2023-12-16,0001234569,ESF 3,0,2026-08-01
700477,CICRANA QUEIROZ,2014-03-06,FEMININO,813740740503430,38621532825,(15) 93595-8562,0,2026-06-09 15:20:00,0,0,0001234567,ESF  1 ,2023-05-25,0001234567,ESF  1 ,0,2026-08-01
700478,CICRANA QUINTELA BANDEIRA,1958-09-08,FEMININO,733867773256719,58302297497,(11) 95841-2037,0,2025-01-29 11:50:00,0,0,0001234573,ESF 7,2023-07-29,0001234573,ESF 7,0,2026-08-01
700479,BELTRANO XAVIER DA BITTENCOURT,1968-05-02,MASCULINO,881141907224763,83905752213,(13) 93105-5303,0,2025-07-25 09:30:00,0,0,0001234572,ESF 5,2023-02-13,0001234572,ESF 5,0,2026-08-01
700480,SICRANA BITTENCOURT,2015-11-18,FEMININO,760948363031398,30732153019,(15) 94025-2365,0,2026-02-09 14:20:00,0,0,0001234573,ESF 7,,,,0,2026-08-01
700481,BELTRANO MESQUITA TEIXEIRA,2014-05-18,MASCULINO,829954904090645,28597750210,(14) 92639-9507,0,2025-08-19 12:00:00,0,0,0001234573,ESF 7,2026-07-26,0001234573,ESF 7,1,2026-08-01
700482,SICRANO DELGADO BITTENCOURT,1985-05-01,MASCULINO,728463152492102,15974723105,(11) 95453-2822,0,2025-10-09 15:50:00,0,0,0001234570,ESF 4,,,,0,2026-08-01
700483,FULANA SAMPAIO,1982-03-03,FEMININO,710088997182399,26133795370,(12) 98259-3183,0,2025-06-13 13:45:00,0,0,0001234573,ESF 7,2025-01-01,0001234573,ESF 7,0,2026-08-01
700484,SICRANA ALBUQUERQUE DE VALADARES,1961-04-19,FEMININO,792642526262298,71547145499,(18) 97644-2923,0,2025-01-28 09:10:00,0,0,0001234573,ESF 7,2024-08-12,0001234573,ESF 7,0,2026-08-01
700485,,1955-08-09,MASCULINO,818109740022454,05226471549,(18) 93863-6247,0,2025-02-26 16:20:00,0,0,0001234572,ESF 5,2026-03-16,0001234572,ESF 5,1,2026-08-01
700486,SICRANO UCHOA DA FURTADO,2023-07-21,MASCULINO,719499178895633,70344777953,(15) 98519-7153,0,2024-11-18 16:40:00,0,0,0001234573,ESF 7,,,,0,2026-08-01
700487,FULANA DE ZAMBONI,1958-03-03,FEMININO,764134573992359,59108054950,(19) 91862-4064,0,2025-12-26 15:15:00,0,0,0001234573,ESF 7,2025-05-15,0001234573,ESF 7,0,2026-08-01
700488,SICRANO FURTADO DA HUNGRIA,1940-01-11,MASCULINO,886531626274583,10897201656,(18) 95655-1650,0,2025-09-11 09:15:00,0,0,0001234569,ESF 3,2024-02-13,0001234569,ESF 3,0,2026-08-01
700489,SICRANO GUIMARAES,2002-10-23,MASCULINO,772376284788802,92605211224,(16) 94525-7394,0,2024-09-27 15:50:00,0,0,0001234573,ESF 7,2023-06-24,0001234573,ESF 7,0,2026-08-01
700490,BELTRANO DA SAMPAIO,1977-02-07,MASCULINO,711132593252541,20408522632,(15) 99322-8257,0,2025-05-11 10:10:00,0,0,0001234571,ESF 5,2022-11-12,0001234571,ESF 5,0,2026-08-01
700491,BELTRANA MARINHO VASCONCELOS,2011-04-26,FEMININO,826777966941612,99836250752,(19) 97025-7763,0,2025-12-27 12:15:00,0,0,0001234568,ESF 2,2026-06-21,0001234568,ESF 2,4,2026-08-01
700492,BELTRANA BITTENCOURT DOS BANDEIRA,1977-03-21,FEMININO,793435282007867,53455302468,(12) 99646-9864,0,2024-12-25 14:20:00,1,0,0001234567,ESF  1 ,2026-02-12,0001234567,ESF  1 ,4,2026-08-01
700493,FULANA DE NOGUEIRA,1972-06-04,FEMININO,711905972713357,90113273496,(19) 99694-9829,0,2025-08-16 10:00:00,0,0,0001234570,ESF 4,2023-11-05,0001234570,ESF 4,0,2026-08-01
700494,SICRANO REZENDE BITTENCOURT,1978-03-16,MASCULINO,715918661663207,04131650194,(18) 94715-4903,0,2026-02-06 16:20:00,0,0,0001234571,ESF 5,2022-08-20,0001234571,ESF 5,0,2026-08-01
700495,FULANA UCHOA DOS ZAMBONI,2019-07-31,FEMININO,865864662323012,17064130336,(19) 91682-2426,0,2025-09-19 14:45:00,0,0,0001234572,ESF 5,2023-04-07,0001234572,ESF 5,0,2026-08-01
700496,SICRANA ALBUQUERQUE,2000-02-23,FEMININO,825961788826307,56095851638,(17) 98194-4641,0,2025-06-21 15:15:00,0,0,0001234569,ESF 3,2024-08-05,0001234569,ESF 3,0,2026-08-01
700497,CICRANA DE NOGUEIRA,2022-12-04,FEMININO,847859746045404,75060844812,(16) 98252-5715,0,2025-08-20 11:10:00,0,0,0001234573,ESF 7,2025-12-16,0001234573,ESF 7,1,2026-08-01
700498,SICRANA TEIXEIRA BANDEIRA,1966-04-24,FEMININO,855007983616330,86035406247,(12) 95448-3905,0,2025-08-27 13:45:00,0,0,0001234571,ESF 5,2023-12-09,0001234571,ESF 5,0,2026-08-01
700499,CICRANA QUINTELA BITTENCOURT,2022-11-16,FEMININO,758086595431764,90392933099,(14) 98975-1811,0,2024-10-12 11:20:00,0,0,0001234571,ESF 5,,,,0,2026-08-01
700500,SICRANA VALADARES ORNELAS,1970-11-14,FEMININO,751048977064293,26480219814,(16) 93581-1600,0,2024-10-04 11:40:00,0,0,0001234573,ESF 7,,,,0,2026-08-01
700501,FULANO DOS ALBUQUERQUE,1961-10-28,MASCULINO,828843113649581,49727999515,(19) 95844-4527,0,2025-11-06 12:30:00,0,0,0001234567,ESF  1 ,2025-08-26,0001234567,ESF  1 ,1,2026-08-01
700502,BELTRANA NOGUEIRA,1966-12-07,FEMININO,701419776847536,29255783735,(11) 95728-8959,0,2025-03-24 08:30:00,1,0,0001234568,ESF 2,,,,0,2026-08-01
700503,BELTRANO ORNELAS DOS BITTENCOURT,2009-01-06,MASCULINO,862015712489233,07455669527,(14) 91648-7043,0,2025-08-24 12:15:00,1,0,0001234570,ESF 4,2025-03-23,0001234570,ESF 4,0,2026-08-01
700504,BELTRANA DOS QUEIROZ,1948-01-22,FEMININO,777988264773853,24984890704,(13) 95270-7605,0,2026-04-13 14:20:00,0,0,0001234572,ESF 5,,,,0,2026-08-01
700505,A,2014-11-21,FEMININO,879693310742551,77332111901,(15) 97721-5284,0,2026-06-01 14:00:00,0,0,0001234573,ESF 7,2024-12-19,0001234573,ESF 7,0,2026-08-01
700506,CICRANA GUIMARAES,1951-01-05,FEMININO,892575031140461,58149524747,(13) 94915-7905,0,2025-12-16 09:15:00,0,0,0001234567,ESF  1 ,2026-05-30,0001234567,ESF  1 ,2,2026-08-01
700507,CICRANA SAMPAIO DE CARVALHO,1976-08-07,FEMININO,862442336913822,39072128355,(14) 93898-5538,1,2026-05-05 12:40:00,0,0,0001234572,ESF 5,2026-03-02,0001234572,ESF 5,1,2026-08-01
700508,SICRANA QUINTELA DANTAS,1937-02-02,FEMININO,786558670330938,69873361724,(15) 96238-7030,0,2025-09-23 14:20:00,0,0,0001234569,ESF 3,,,,0,2026-08-01
700509,FULANO SALGADO,1964-06-06,MASCULINO,725706961898072,38032483889,(14) 95178-4653,0,2024-09-12 14:15:00,0,0,0001234572,ESF 5,,,,0,2026-08-01
700510,CICRANO CARVALHO,1981-02-19,MASCULINO,740399167796212,15609123161,(12) 91527-9675,0,2026-01-21 10:10:00,0,0,0001234567,ESF  1 ,2025-04-04,0001234567,ESF  1 ,0,2026-08-01
700511,CICRANO MESQUITA DOS VALADARES,1993-05-19,MASCULINO,759632070959465,42982518377,(19) 92142-7350,0,2026-05-23 09:30:00,0,0,0001234567,ESF  1 ,2022-06-24,0001234567,ESF  1 ,0,2026-08-01
700512,FULANO TEIXEIRA,1964-01-02,MASCULINO,747300350861585,86951101681,(17) 98640-6684,0,2025-06-15 12:45:00,0,0,0001234568,ESF 2,2024-02-10,0001234568,ESF 2,0,2026-08-01
700513,BELTRANO FURTADO XAVIER,2002-08-28,MASCULINO,853138951565146,64222899101,(16) 99180-8390,0,2025-12-13 13:45:00,0,0,0001234570,ESF 4,2025-12-12,0001234570,ESF 4,1,2026-08-01
700514,BELTRANA DA QUINTELA,2024-04-29,FEMININO,793730651223892,89107542811,(18) 96360-1925,0,2026-03-31 10:30:00,0,0,0001234569,ESF 3,2026-03-24,0001234569,ESF 3,1,2026-08-01
700515,CICRANA PEIXOTO DA SAMPAIO,1979-06-02,FEMININO,749405436154167,77747681144,(17) 92433-6184,0,2025-10-05 15:00:00,0,0,0001234571,ESF 5,2025-09-06,0001234571,ESF 5,1,2026-08-01
700516,FULANO MESQUITA QUINTELA,1945-11-18,MASCULINO,890242814910348,95425631163,(15) 95736-9916,0,2024-09-03 10:10:00,0,0,0001234568,ESF 2,2023-12-23,0001234568,ESF 2,0,2026-08-01
700517,SICRANO BANDEIRA BANDEIRA,1944-05-04,MASCULINO,782330838070083,24407714060,(12) 92874-8406,0,2026-04-01 11:45:00,0,0,0001234570,ESF 4,2026-03-02,0001234570,ESF 4,1,2026-08-01
700518,SICRANA SAMPAIO LOUREIRO,2021-01-12,FEMININO,819104715121485,48238414769,(14) 97903-6132,0,2026-02-07 09:10:00,0,0,0001234569,ESF 3,2025-08-11,0001234569,ESF 3,1,2026-08-01
700519,FULANO VASCONCELOS BANDEIRA,1956-06-13,MASCULINO,780989988285340,02089674432,(19) 92348-9021,0,2025-12-06 11:40:00,0,0,0001234570,ESF 4,2026-04-27,0001234570,ESF 4,1,2026-08-01
700520,CICRANA LACERDA DOS JARDIM,1968-04-28,FEMININO,771874904847634,58822948603,(15) 98248-3264,0,2025-02-05 13:30:00,0,0,0001234573,ESF 7,,,,0,2026-08-01
700521,CICRANA DELGADO,1981-10-21,FEMININO,887018445367182,28237883609,(19) 95680-1607,0,2025-11-08 13:30:00,0,0,0001234572,ESF 5,2026-05-03,0001234572,ESF 5,1,2026-08-01
700522,FULANA CORDEIRO DOS SAMPAIO,1939-11-04,FEMININO,701216423297428,56145382750,(14) 93739-8881,0,2024-09-02 13:30:00,0,0,0001234573,ESF 7,2026-02-13,0001234573,ESF 7,2,2026-08-01
700523,FULANO CORDEIRO DE HUNGRIA,1956-02-17,MASCULINO,772794828006092,76507537277,(19) 99858-3527,0,2026-06-07 08:00:00,0,0,0001234572,ESF 5,2026-06-07,0001234572,ESF 5,1,2026-08-01
700524,SICRANA ZAMBONI DE XAVIER,1965-09-07,FEMININO,832383052482373,62974029061,(13) 96555-2263,0,2025-11-06 09:50:00,0,0,0001234572,ESF 5,2026-07-16,0001234572,ESF 5,1,2026-08-01
700525,BELTRANO LOUREIRO DA NOVAES,2017-04-08,MASCULINO,753513415687277,66554116371,(15) 92424-4913,0,2025-08-18 11:10:00,0,0,0001234573,ESF 7,2024-06-08,0001234573,ESF 7,0,2026-08-01
700526,FULANA ORNELAS CORDEIRO,1973-01-15,FEMININO,865861291933130,62406330541,(13) 92364-4338,0,2024-10-23 16:40:00,1,0,0001234569,ESF 3,,,,0,2026-08-01
700527,CICRANO ESCOBAR,1977-06-17,MASCULINO,812993288899583,00841496553,(14) 96366-6426,0,2026-03-11 13:10:00,0,0,0001234571,ESF 5,2025-08-07,0001234571,ESF 5,1,2026-08-01
700528,FULANA VASCONCELOS DA SAMPAIO,1982-08-01,FEMININO,806041120906698,65525951313,(17) 94408-5070,0,2024-11-11 12:40:00,0,0,0001234568,ESF 2,2025-10-25,0001234568,ESF 2,1,2026-08-01
700529,FULANO BANDEIRA DA GUIMARAES,1983-09-01,MASCULINO,778216217855748,19586034063,(18) 92082-9007,0,2026-05-04 08:50:00,0,0,0001234570,ESF 4,2023-03-03,0001234570,ESF 4,0,2026-08-01
700530,SICRANA XAVIER TAVARES,2007-06-11,FEMININO,841830401018426,25734659429,(18) 97630-2072,0,2025-05-22 08:45:00,0,0,0001234571,ESF 5,,,,0,2026-08-01
700531,CICRANO ESTEVES DA LACERDA,1940-01-14,MASCULINO,759780480787766,09719564807,(16) 99007-1306,0,2025-09-30 13:15:00,0,0,0001234571,ESF 5,2023-11-25,0001234571,ESF 5,0,2026-08-01
700532,CICRANO DOS FURTADO,2015-02-14,MASCULINO,750286118130606,29674122606,(18) 98252-9715,0,2026-06-29 14:30:00,0,0,0001234568,ESF 2,2026-02-03,0001234568,ESF 2,2,2026-08-01
700533,BELTRANA BANDEIRA DE FURTADO,2012-03-21,FEMININO,843627389945646,42195496682,(12) 95823-3171,0,2026-05-27 08:45:00,0,0,0001234571,ESF 5,2024-02-03,0001234571,ESF 5,0,2026-08-01
700534,SICRANA DA ESTEVES,1989-06-05,FEMININO,705527044842307,24978563896,(19) 95844-2447,0,2025-03-19 09:10:00,0,0,0001234573,ESF 7,,,,0,2026-08-01
700535,BELTRANA TAVARES MESQUITA,2000-03-03,FEMININO,854155494316094,86363415587,(16) 97950-5903,0,2025-06-22 08:30:00,0,0,0001234567,ESF  1 ,2024-08-31,0001234567,ESF  1 ,0,2026-08-01
700536,FULANO ZAMBONI NOGUEIRA,1944-08-12,MASCULINO,702465915259928,14357907072,(19) 92490-3979,0,2026-01-26 15:20:00,0,0,0001234573,ESF 7,2023-05-10,0001234573,ESF 7,0,2026-08-01
700537,BELTRANA VASCONCELOS DOS HUNGRIA,1949-02-24,FEMININO,851821257190928,29102941377,(12) 93029-3379,0,2025-06-07 10:00:00,0,0,0001234568,ESF 2,,,,0,2026-08-01
700538,SICRANA DE LOUREIRO,1937-09-11,FEMININO,805567685132363,67692809225,(14) 99704-8938,0,2025-01-05 16:20:00,0,0,0001234573,ESF 7,2026-04-13,0001234573,ESF 7,1,2026-08-01
700539,CICRANO DOS CARVALHO,2002-01-01,MASCULINO,721317969811703,44317605555,(16) 96734-7146,0,2025-05-11 10:45:00,0,0,0001234573,ESF 7,,,,0,2026-08-01
700540,SICRANO DOS VASCONCELOS,2013-02-10,MASCULINO,705068473517310,90866797654,(18) 98539-1669,0,2025-05-15 15:50:00,1,0,0001234569,ESF 3,2023-07-26,0001234569,ESF 3,0,2026-08-01
700541,FULANA ZAMBONI ZAMBONI,1968-10-15,FEMININO,787606571330114,50739127994,(15) 99476-3971,0,2025-08-16 09:20:00,0,0,0001234571,ESF 5,,,,0,2026-08-01
700542,CICRANO TEIXEIRA DE PORTELA,2002-11-26,MASCULINO,894354284796161,78735753651,(17) 99229-2425,0,2026-03-08 13:45:00,0,0,0001234571,ESF 5,2024-01-26,0001234571,ESF 5,0,2026-08-01
700543,CICRANA NOVAES ORNELAS,1963-10-21,FEMININO,713825118260689,37662728961,(16) 93581-5032,0,2026-05-18 12:10:00,0,0,0001234569,ESF 3,2023-08-16,0001234569,ESF 3,0,2026-08-01
700544,BELTRANO SALGADO LOUREIRO,2004-07-14,MASCULINO,786111184671540,33838290144,(12) 98187-3174,0,2025-06-12 13:15:00,0,0,0001234567,ESF  1 ,2024-05-04,0001234567,ESF  1 ,0,2026-08-01
700545,FULANA ESTEVES GALVAO,1939-09-16,FEMININO,818268009484938,97390554780,(15) 93659-2979,0,2025-07-10 15:40:00,0,0,0001234573,ESF 7,2024-02-17,0001234573,ESF 7,0,2026-08-01
700546,BELTRANA TAVARES DE UCHOA,2015-09-26,FEMININO,852852693159723,32984654880,(14) 99912-5661,0,2025-01-11 09:50:00,0,0,0001234573,ESF 7,2024-09-03,0001234573,ESF 7,0,2026-08-01
700547,SICRANA BITTENCOURT CARVALHO,1967-01-03,FEMININO,814987789390702,47536414901,(12) 97087-4840,0,2025-09-17 12:30:00,0,0,0001234573,ESF 7,,,,0,2026-08-01
700548,SICRANO FONTOURA DA REZENDE,2020-07-09,MASCULINO,795074500897092,69786888945,(14) 94699-7106,0,2025-12-14 11:50:00,0,0,0001234568,ESF 2,2022-12-14,0001234568,ESF 2,0,2026-08-01
700549,BELTRANO JARDIM,2009-09-08,MASCULINO,784818799356734,62639455916,(14) 95303-8220,0,2024-11-14 16:00:00,0,0,0001234572,ESF 5,2026-02-23,0001234572,ESF 5,4,2026-08-01
700550,FULANA SAMPAIO DELGADO,2013-12-17,FEMININO,874635007805512,28092113379,(13) 91932-3771,0,2025-11-10 13:10:00,0,0,0001234573,ESF 7,2025-08-07,0001234573,ESF 7,2,2026-08-01
700551,CICRANO CORDEIRO ESTEVES,1993-11-30,MASCULINO,705217313644245,78025501141,(18) 91860-3832,0,2025-08-16 13:15:00,0,0,0001234568,ESF 2,2024-01-29,0001234568,ESF 2,0,2026-08-01
700552,CICRANO PORTELA DOS FONTOURA,1959-11-03,MASCULINO,728245610125660,16982152821,(19) 97758-8504,0,2025-05-22 11:10:00,0,0,0001234573,ESF 7,2025-11-30,0001234573,ESF 7,1,2026-08-01
700553,CICRANO DOS LACERDA,2012-08-20,MASCULINO,820127365806220,96872044439,(13) 94384-8231,0,2026-06-15 09:20:00,0,0,0001234569,ESF 3,2026-01-09,0001234569,ESF 3,1,2026-08-01
700554,FULANA NOVAES PORTELA,1988-02-08,FEMININO,788485695377833,26440805259,(14) 96902-6712,1,2026-05-19 09:15:00,0,0,0001234572,ESF 5,2024-06-14,0001234572,ESF 5,0,2026-08-01
700555,BELTRANA DA ALBUQUERQUE,1960-06-18,FEMININO,807638365865958,06080306434,(12) 99566-9427,0,2026-07-23 10:30:00,0,0,0001234572,ESF 5,2025-03-26,0001234572,ESF 5,0,2026-08-01
700556,CICRANO ESCOBAR DE UCHOA,1944-04-06,MASCULINO,820703524949592,78818868706,(19) 96292-2236,0,2026-06-28 16:40:00,0,0,0001234571,ESF 5,2026-03-25,0001234571,ESF 5,1,2026-08-01
700557,SICRANO DA VALADARES,1988-10-24,MASCULINO,870775802546417,37651374488,(17) 96280-6986,0,2025-09-23 08:50:00,0,0,0001234569,ESF 3,,,,0,2026-08-01
700558,CICRANA BANDEIRA,1937-05-16,FEMININO,790530085898363,79739142690,(19) 97001-1574,0,2026-04-26 15:00:00,0,0,0001234573,ESF 7,2024-06-05,0001234573,ESF 7,0,2026-08-01
700559,SICRANO FURTADO DA LACERDA,1947-12-15,MASCULINO,756601978440683,22746354200,(11) 91700-9881,0,2026-02-10 08:45:00,0,0,0001234568,ESF 2,2023-08-28,0001234568,ESF 2,0,2026-08-01
700560,CICRANO DOS NOGUEIRA,1959-08-26,MASCULINO,702835761365760,47012134624,(15) 96561-9115,0,2025-02-10 13:10:00,0,0,0001234568,ESF 2,2025-12-27,0001234568,ESF 2,1,2026-08-01
700561,SICRANO UCHOA DANTAS,1952-09-12,MASCULINO,870131472112823,27954544673,(18) 92863-1206,0,2024-11-28 09:10:00,0,0,0001234567,ESF  1 ,2026-04-15,0001234567,ESF  1 ,1,2026-08-01
700562,CICRANO HUNGRIA DOS REZENDE,2017-10-01,MASCULINO,713610066847950,14311959011,(19) 93716-1826,0,2024-10-20 16:50:00,0,0,0001234567,ESF  1 ,2026-06-03,0001234567,ESF  1 ,1,2026-08-01
700563,BELTRANO PEIXOTO QUEIROZ,1966-12-22,MASCULINO,738273943024441,69017518694,(15) 97760-6242,0,2025-12-17 08:20:00,0,0,0001234572,ESF 5,2026-03-22,0001234572,ESF 5,2,2026-08-01
700564,CICRANO JARDIM VASCONCELOS,1951-03-31,MASCULINO,877828849181855,69729185701,(18) 99434-7547,0,2025-12-08 16:00:00,0,0,0001234569,ESF 3,2026-04-02,0001234569,ESF 3,1,2026-08-01
700565,BELTRANA BANDEIRA DA JARDIM,1968-03-16,FEMININO,729219651483591,58879556941,(17) 98320-2403,0,2025-12-21 10:40:00,0,0,0001234571,ESF 5,2025-11-27,0001234571,ESF 5,1,2026-08-01
700566,CICRANO FURTADO,1963-03-11,MASCULINO,823300890910579,48720314079,(14) 94852-5409,0,2025-03-30 08:00:00,0,0,0001234568,ESF 2,,,,0,2026-08-01
700567,SICRANA QUEIROZ,1998-01-04,FEMININO,753765659484928,38994844369,(15) 92493-1885,0,2025-03-14 08:00:00,0,0,0001234569,ESF 3,,,,0,2026-08-01
700568,BELTRANA BANDEIRA DOS VASCONCELOS,2019-11-19,FEMININO,847032391993997,89943168928,(13) 98395-3284,0,2025-11-22 10:45:00,0,0,0001234570,ESF 4,,,,0,2026-08-01
700569,SICRANO DA MARINHO,2017-02-24,MASCULINO,812512234386784,59683824065,(17) 98320-6012,0,2025-10-24 11:00:00,0,0,0001234570,ESF 4,2023-04-30,0001234570,ESF 4,0,2026-08-01
700570,BELTRANA XAVIER DOS LOUREIRO,1989-03-04,FEMININO,837629030423997,38372310620,(13) 93439-3591,0,2026-05-09 12:15:00,0,0,0001234570,ESF 4,2026-01-16,0001234570,ESF 4,1,2026-08-01
700571,CICRANO DE VALADARES,2027-01-11,MASCULINO,833806531362134,57158630316,(15) 91289-5536,0,2024-10-13 08:15:00,0,0,0001234571,ESF 5,2025-10-18,0001234571,ESF 5,4,2026-08-01
700572,CICRANO LOUREIRO,1970-01-24,MASCULINO,704479147340685,68871337680,(19) 97023-4587,0,2025-03-31 08:15:00,0,0,0001234569,ESF 3,2025-10-22,0001234569,ESF 3,1,2026-08-01
700573,SICRANA DA QUEIROZ,2000-11-17,FEMININO,735660295066327,10951129296,(13) 95578-2991,0,2025-05-09 08:40:00,0,0,0001234568,ESF 2,2025-04-10,0001234568,ESF 2,0,2026-08-01
700574,CICRANA MARINHO,2013-02-28,FEMININO,870151775366330,19261432213,(15) 92995-9701,0,2026-06-08 09:45:00,0,0,0001234568,ESF 2,,,,0,2026-08-01
700575,FULANA FURTADO TEIXEIRA,1982-10-22,FEMININO,827766600241404,66294079978,(15) 96260-2999,0,2026-01-17 09:40:00,0,0,0001234568,ESF 2,2026-01-27,0001234568,ESF 2,5,2026-08-01
700576,CICRANO HUNGRIA QUINTELA,1962-10-24,MASCULINO,840386973452750,87907053278,(12) 91966-4126,0,2025-04-06 15:20:00,0,0,0001234571,ESF 5,2025-07-01,0001234571,ESF 5,0,2026-08-01
700577,SICRANA DOS CARVALHO,2014-02-18,FEMININO,839916905626817,24472556325,(17) 95160-7786,0,2024-10-08 08:45:00,0,0,0001234570,ESF 4,2023-05-17,0001234570,ESF 4,0,2026-08-01
700578,FULANA DELGADO DE ORNELAS,2011-08-23,FEMININO,768429723904054,71771679868,(19) 93381-9714,0,2025-10-01 16:40:00,0,0,0001234568,ESF 2,2025-12-18,0001234568,ESF 2,1,2026-08-01
700579,FULANA ESCOBAR SAMPAIO,2003-06-29,FEMININO,734175075939284,72913386386,(11) 92097-9058,0,2025-05-16 14:15:00,1,0,0001234572,ESF 5,2025-11-02,0001234572,ESF 5,2,2026-08-01
700580,SICRANO UCHOA HUNGRIA,1974-09-01,MASCULINO,798554715991244,17652026718,(11) 95857-7431,0,2025-12-13 12:10:00,0,0,0001234573,ESF 7,2025-11-07,0001234573,ESF 7,1,2026-08-01
700581,FULANO DE UCHOA,1939-08-12,MASCULINO,781454822819130,55617802471,(17) 91328-9948,0,2026-05-27 12:45:00,0,0,0001234573,ESF 7,2026-02-25,0001234573,ESF 7,1,2026-08-01
700582,FULANA FURTADO DE JARDIM,1952-03-26,FEMININO,745736077121742,12208644477,(18) 93772-8605,0,2026-07-02 11:30:00,0,0,0001234568,ESF 2,2026-01-21,0001234568,ESF 2,1,2026-08-01
700583,CICRANO CARVALHO VALADARES,1959-10-18,MASCULINO,849824840203027,08880131169,(15) 99669-5457,0,2025-05-27 13:30:00,0,0,0001234567,ESF  1 ,2026-01-04,0001234567,ESF  1 ,1,2026-08-01
700584,FULANA MARINHO DE DELGADO,2020-01-16,FEMININO,757869404994742,89944853331,(11) 99682-1563,1,2025-06-26 14:50:00,0,0,0001234572,ESF 5,2025-04-28,0001234572,ESF 5,0,2026-08-01
700585,BELTRANO SALGADO,1970-12-14,MASCULINO,753480013692475,91737189471,(11) 92385-4460,0,2025-08-21 11:00:00,1,0,0001234569,ESF 3,,,,0,2026-08-01
700586,SICRANO FONTOURA GALVAO,1965-08-13,MASCULINO,767827954702386,16838221889,(12) 95811-2907,1,2025-05-01 16:10:00,0,0,0001234568,ESF 2,,,,0,2026-08-01
700587,BELTRANA LACERDA DANTAS,2009-02-15,FEMININO,779376469347367,26506823454,(12) 97433-4909,0,2025-04-02 13:20:00,1,0,0001234572,ESF 5,2022-09-16,0001234572,ESF 5,0,2026-08-01
700588,CICRANO DELGADO DA SALGADO,1962-11-07,MASCULINO,887351975000541,67972779491,(13) 98298-5927,0,2026-06-09 13:00:00,0,0,0001234570,ESF 4,2026-06-18,0001234570,ESF 4,6,2026-08-01
700589,FULANO ALBUQUERQUE LACERDA,1951-11-14,MASCULINO,802355678117352,52136606574,(15) 96941-2317,0,2025-12-18 12:20:00,0,0,0001234568,ESF 2,2025-11-19,0001234568,ESF 2,1,2026-08-01
700590,FULANA MESQUITA LOUREIRO,1975-01-04,FEMININO,775234359250898,45630628985,(17) 91816-2089,0,2024-11-06 10:10:00,0,0,0001234569,ESF 3,2026-02-26,0001234569,ESF 3,1,2026-08-01
700591,BELTRANO PORTELA DE MARINHO,1972-08-11,MASCULINO,823690096886955,09927743816,(14) 93378-8299,0,2026-07-29 16:40:00,0,0,0001234571,ESF 5,2026-06-22,0001234571,ESF 5,2,2026-08-01
700592,CICRANO ORNELAS CORDEIRO,1958-12-11,MASCULINO,866140700450109,50992537682,(12) 93934-9816,0,2025-07-13 10:40:00,0,0,0001234570,ESF 4,2025-07-05,0001234570,ESF 4,0,2026-08-01
700593,BELTRANO QUEIROZ DA DELGADO,1980-12-05,MASCULINO,814281172314724,87546221821,(18) 92847-5161,0,2025-09-27 16:40:00,0,0,0001234568,ESF 2,2022-09-18,0001234568,ESF 2,0,2026-08-01
700594,CICRANA CARVALHO MESQUITA,2007-10-28,FEMININO,724956480039531,31389750460,(19) 92718-6832,0,2024-11-04 14:45:00,0,0,0001234570,ESF 4,,,,0,2026-08-01
700595,CICRANO SAMPAIO,1994-05-19,MASCULINO,741247522870722,72307632078,(18) 99344-8651,0,2025-11-09 09:20:00,0,0,0001234570,ESF 4,2026-03-26,0001234570,ESF 4,2,2026-08-01
700596,SICRANO DANTAS,1972-03-10,MASCULINO,775275968436510,93946580255,(16) 92292-9220,0,2025-11-17 15:15:00,0,0,0001234567,ESF  1 ,2025-05-19,0001234567,ESF  1 ,0,2026-08-01
700597,BELTRANA UCHOA DELGADO,1993-03-14,FEMININO,721876969567924,80200076796,(16) 92186-6670,0,2025-02-28 14:00:00,1,0,0001234569,ESF 3,2025-09-05,0001234569,ESF 3,1,2026-08-01
700598,SEM NOME,1974-07-05,MASCULINO,772809867189303,21461640505,(12) 98044-6503,0,2026-02-23 11:20:00,0,0,0001234573,ESF 7,2025-03-02,0001234573,ESF 7,0,2026-08-01
700599,BELTRANA DA TAVARES,1953-08-23,FEMININO,857981651691036,77211006316,(15) 96709-9468,0,2025-12-03 14:15:00,0,0,0001234570,ESF 4,2023-02-24,0001234570,ESF 4,0,2026-08-01
700600,BELTRANO DE CORDEIRO,2015-09-02,MASCULINO,881911938289124,34201124917,(19) 97786-7813,0,2024-12-17 15:30:00,0,0,0001234573,ESF 7,2024-04-25,0001234573,ESF 7,0,2026-08-01
700601,CICRANA FONTOURA,1956-02-08,FEMININO,756242258805046,34522447681,(15) 95830-1451,0,2026-02-05 15:15:00,0,0,0001234572,ESF 5,2023-03-12,0001234572,ESF 5,0,2026-08-01
700602,FULANO TEIXEIRA,1967-01-16,MASCULINO,784007753433370,01448281033,(18) 95383-6189,0,2025-12-26 12:20:00,0,0,0001234569,ESF 3,2025-11-23,0001234569,ESF 3,1,2026-08-01
700603,FULANO TAVARES VALADARES,1956-09-13,MASCULINO,737031270609959,45619382819,(18) 92319-7738,0,2025-02-28 13:30:00,0,0,0001234570,ESF 4,,,,0,2026-08-01
700604,FULANO DELGADO DOS ORNELAS,1994-10-15,MASCULINO,837186915166241,54334473084,(16) 95778-5922,0,2025-10-30 16:10:00,1,0,0001234569,ESF 3,2025-04-10,0001234569,ESF 3,0,2026-08-01
700605,FULANO ESCOBAR DE PORTELA,1968-03-04,MASCULINO,848968442102685,94183267529,(18) 91888-2440,0,2024-11-17 10:45:00,0,0,0001234572,ESF 5,2025-01-16,0001234572,ESF 5,0,2026-08-01
700606,BELTRANO DA QUINTELA,1992-06-16,MASCULINO,747127746397023,58433884507,(16) 98696-9870,0,2026-03-17 12:15:00,0,0,0001234567,ESF  1 ,2026-07-11,0001234567,ESF  1 ,5,2026-08-01
700607,SICRANA REZENDE DOS CORDEIRO,1949-02-01,FEMININO,742319131029128,42580926063,(14) 99593-8830,0,2025-06-21 10:50:00,0,0,0001234568,ESF 2,2025-03-25,0001234568,ESF 2,0,2026-08-01
700608,BELTRANO ZAMBONI DA SALGADO,2011-02-24,MASCULINO,826595698318864,69778324361,(16) 91289-2942,0,2025-10-13 16:10:00,1,0,0001234569,ESF 3,2025-12-27,0001234569,ESF 3,1,2026-08-01
700609,BELTRANA DA TEIXEIRA,1980-11-09,FEMININO,868482412884209,50971494836,(13) 92920-9869,0,2025-05-19 12:40:00,0,0,0001234573,ESF 7,,,,0,2026-08-01
700610,FULANA LACERDA,2024-02-16,FEMININO,834748636969859,77212091619,(12) 93573-6775,0,2025-06-13 16:40:00,1,0,0001234567,ESF  1 ,,,,0,2026-08-01
700611,SICRANA ALBUQUERQUE BANDEIRA,1993-11-12,FEMININO,894134218252024,99041175190,(19) 99003-7396,0,2025-05-27 12:50:00,0,0,0001234570,ESF 4,2024-04-01,0001234570,ESF 4,0,2026-08-01
700612,CICRANA ZAMBONI QUEIROZ,1947-02-05,FEMININO,741995571628125,29816233208,(16) 99638-6851,0,2026-01-20 15:40:00,0,0,0001234573,ESF 7,2025-07-27,0001234573,ESF 7,0,2026-08-01
700613,SICRANO MARINHO QUINTELA,1972-01-22,MASCULINO,785852618500330,27873917453,(15) 99755-1220,0,2026-02-23 11:20:00,0,0,0001234567,ESF  1 ,2026-04-28,0001234567,ESF  1 ,1,2026-08-01
700614,CICRANA DOS VASCONCELOS,1977-04-29,FEMININO,847251133032405,09275462217,(12) 99037-3394,0,2025-11-30 09:50:00,0,0,0001234573,ESF 7,,,,0,2026-08-01
700615,BELTRANA FONTOURA DE ORNELAS,1996-02-08,FEMININO,822337196333888,52670427066,(14) 96916-3746,0,2025-07-14 12:50:00,0,0,0001234567,ESF  1 ,2026-05-15,0001234567,ESF  1 ,1,2026-08-01
700616,BELTRANO GALVAO GUIMARAES,1952-11-26,MASCULINO,762902584007134,90719169012,(19) 92890-2306,0,2024-11-06 10:15:00,1,0,0001234571,ESF 5,,,,0,2026-08-01
700617,CICRANO ALBUQUERQUE,2016-03-07,MASCULINO,744962564981488,46995864655,(14) 95534-8380,0,2025-04-28 08:15:00,0,0,0001234572,ESF 5,2025-01-08,0001234572,ESF 5,0,2026-08-01
700618,CICRANO DELGADO XAVIER,1960-02-18,MASCULINO,704151749601781,67845782875,(13) 96796-2903,0,2024-11-24 11:00:00,0,0,0001234568,ESF 2,,,,0,2026-08-01
700619,CICRANA XAVIER,2016-09-11,FEMININO,734413227861816,99357298003,(16) 94698-7011,0,2026-02-26 09:20:00,0,0,0001234571,ESF 5,,,,0,2026-08-01
700620,SICRANA LOUREIRO,2013-12-08,FEMININO,894716916154710,59260322881,(15) 99688-3322,1,2024-10-15 11:50:00,0,0,0001234571,ESF 5,,,,0,2026-08-01
700621,SICRANA FONTOURA DE ALBUQUERQUE,2016-02-13,FEMININO,820652648137501,82757984501,(17) 91980-8625,0,2025-12-03 08:50:00,0,0,0001234570,ESF 4,,,,0,2026-08-01
700622,SICRANA NOGUEIRA,2015-11-17,FEMININO,797321882880381,07027104823,(17) 92327-3073,0,2025-09-26 08:50:00,0,0,0001234571,ESF 5,,,,0,2026-08-01
700623,SICRANA ESTEVES DA SALGADO,1995-05-07,FEMININO,783473415296122,51049607733,(12) 95214-7034,0,2025-11-26 08:45:00,0,0,0001234571,ESF 5,2025-07-27,0001234571,ESF 5,0,2026-08-01
700624,FULANA QUEIROZ CORDEIRO,2024-02-29,FEMININO,777816480078376,04641172910,(17) 99071-7298,0,2026-04-13 08:00:00,0,0,0001234571,ESF 5,2026-05-21,0001234571,ESF 5,2,2026-08-01
700625,FULANO MESQUITA DA MARINHO,1938-05-12,MASCULINO,823287195148706,58293954443,(17) 92523-3145,0,2024-08-31 13:45:00,1,0,0001234569,ESF 3,2026-02-12,0001234569,ESF 3,9,2026-08-01
700626,FULANA DOS DANTAS,1953-11-19,FEMININO,858160276182820,97069365307,(12) 92644-9019,0,2026-02-06 15:30:00,0,0,0001234569,ESF 3,2024-09-21,0001234569,ESF 3,0,2026-08-01
700627,SICRANO QUEIROZ DOS LACERDA,2012-06-10,MASCULINO,723614839846385,88424030754,(12) 97472-1921,0,2026-06-29 09:20:00,0,0,0001234568,ESF 2,2025-04-20,0001234568,ESF 2,0,2026-08-01
700628,BELTRANO ESCOBAR XAVIER,1942-07-25,MASCULINO,850116485719636,95269815371,(14) 91990-9334,0,2026-04-22 11:30:00,0,0,0001234567,ESF  1 ,2022-06-24,0001234567,ESF  1 ,0,2026-08-01
700629,SICRANO HUNGRIA,1997-02-20,MASCULINO,824930967913685,73102162372,(12) 95253-8752,0,2025-06-25 09:10:00,0,0,0001234572,ESF 5,,,,0,2026-08-01
700630,CICRANA HUNGRIA JARDIM,2001-12-13,FEMININO,727981350523663,69020398289,(19) 95843-2991,0,2025-07-23 09:50:00,0,0,0001234571,ESF 5,2026-07-16,0001234571,ESF 5,1,2026-08-01
700631,SICRANA XAVIER DE SALGADO,1983-07-11,FEMININO,789433443394545,55719606981,(19) 96705-4092,0,2025-10-20 13:10:00,0,0,0001234567,ESF  1 ,2023-08-28,0001234567,ESF  1 ,0,2026-08-01
700632,SICRANO MESQUITA,2023-01-09,MASCULINO,869034855513176,46012495626,(14) 96204-9481,0,2025-06-26 13:50:00,0,0,0001234570,ESF 4,2025-08-22,0001234570,ESF 4,1,2026-08-01
700633,BELTRANO ALBUQUERQUE,1983-07-31,MASCULINO,839809253604812,00994246901,(16) 92854-3824,0,2025-07-20 13:50:00,0,0,0001234571,ESF 5,2025-01-12,0001234571,ESF 5,0,2026-08-01
700634,BELTRANA PORTELA DA TEIXEIRA,2022-02-07,FEMININO,757871743467424,73484440831,(18) 94478-1656,0,2026-02-13 12:45:00,0,0,0001234570,ESF 4,,,,0,2026-08-01
700635,BELTRANO FURTADO JARDIM,1983-03-10,MASCULINO,750602599140141,12340939799,(13) 97664-2776,0,2025-07-29 12:20:00,0,0,0001234570,ESF 4,2025-01-10,0001234570,ESF 4,0,2026-08-01
700636,SICRANO DE LACERDA,1964-09-25,MASCULINO,885549527733355,49177340885,(16) 92593-8409,0,2025-05-22 16:45:00,0,0,0001234568,ESF 2,2025-07-08,0001234568,ESF 2,0,2026-08-01
700637,CICRANO DOS ALBUQUERQUE,1959-05-27,MASCULINO,714451579671412,21460509855,(11) 99856-5530,0,2024-12-15 16:00:00,1,0,0001234572,ESF 5,2023-06-07,0001234572,ESF 5,0,2026-08-01
700638,CICRANO DOS QUEIROZ,2012-12-05,MASCULINO,732205281752936,91679551265,(11) 92078-9649,0,2025-09-01 15:40:00,0,0,0001234569,ESF 3,2025-05-02,0001234569,ESF 3,0,2026-08-01
700639,SICRANA DE PORTELA,1945-09-13,FEMININO,869246929816256,69163722578,(18) 98974-7231,0,2025-04-01 10:30:00,0,0,0001234568,ESF 2,2025-03-23,0001234568,ESF 2,0,2026-08-01
700640,CICRANA BANDEIRA,1955-09-02,FEMININO,794399519117876,08718152229,(13) 93133-1683,0,2025-07-25 09:00:00,0,0,0001234567,ESF  1 ,2026-05-22,0001234567,ESF  1 ,2,2026-08-01
700641,CICRANO DE BITTENCOURT,2018-07-05,MASCULINO,813948017555931,79613791770,(18) 93619-5167,0,2024-10-21 14:00:00,0,0,0001234573,ESF 7,2022-07-26,0001234573,ESF 7,0,2026-08-01
700642,BELTRANA FONTOURA QUINTELA,1982-09-30,FEMININO,807582866175585,12778388878,(15) 95381-1699,0,2025-11-25 09:50:00,0,0,0001234570,ESF 4,2025-10-08,0001234570,ESF 4,4,2026-08-01
700643,CICRANO DE VALADARES,1976-08-15,MASCULINO,819056826087852,57200842665,(16) 94916-3612,0,2026-07-20 12:50:00,0,0,0001234570,ESF 4,2023-07-19,0001234570,ESF 4,0,2026-08-01
700644,BELTRANO UCHOA SAMPAIO,1966-05-31,MASCULINO,866010744059114,74072288331,(12) 99321-2214,0,2026-03-06 13:30:00,0,0,0001234572,ESF 5,2024-01-07,0001234572,ESF 5,0,2026-08-01
700645,SICRANO GUIMARAES DELGADO,2009-01-13,MASCULINO,778805929124417,53887180004,(18) 91738-9942,0,2026-03-17 16:40:00,0,0,0001234567,ESF  1 ,2026-01-28,0001234567,ESF  1 ,1,2026-08-01
700646,FULANO MARINHO,1952-06-26,MASCULINO,733948972857348,82074199032,(18) 96840-9438,0,2025-12-23 15:30:00,0,0,0001234573,ESF 7,2025-01-28,0001234573,ESF 7,0,2026-08-01
700647,FULANO BITTENCOURT,1977-12-09,MASCULINO,743735890275642,46098980714,(17) 91844-4255,0,2026-05-11 13:10:00,0,0,0001234573,ESF 7,2025-10-07,0001234573,ESF 7,1,2026-08-01
700648,FULANA ORNELAS REZENDE,1936-10-24,FEMININO,873933629654046,38041099344,(15) 95553-1729,0,2025-10-29 08:40:00,0,0,0001234568,ESF 2,2026-07-21,0001234568,ESF 2,1,2026-08-01
700649,SICRANA ORNELAS QUEIROZ,2004-09-14,FEMININO,861599342350476,09463938347,(18) 94749-1971,0,2025-04-05 09:45:00,0,0,0001234571,ESF 5,2023-06-25,0001234571,ESF 5,0,2026-08-01
700650,CICRANA QUEIROZ,1988-03-26,FEMININO,891753360569490,65860850639,(12) 95054-4856,0,2026-04-19 12:10:00,0,0,0001234570,ESF 4,,,,0,2026-08-01
700651,BELTRANO PEIXOTO FURTADO,1943-07-16,MASCULINO,841205110871325,56564178752,(16) 99113-4229,0,2025-11-05 15:40:00,1,0,0001234568,ESF 2,2023-06-05,0001234568,ESF 2,0,2026-08-01
700652,SICRANA TAVARES,2011-08-18,FEMININO,856105175372773,07300093516,(15) 95763-6333,0,2026-01-17 15:30:00,0,0,0001234571,ESF 5,2025-01-22,0001234571,ESF 5,0,2026-08-01
700653,SICRANO BANDEIRA,1987-12-26,MASCULINO,828144998857214,90067573658,(16) 95704-4548,0,2026-03-12 13:30:00,0,0,0001234567,ESF  1 ,2026-05-06,0001234567,ESF  1 ,1,2026-08-01
700654,CICRANA ZAMBONI MESQUITA,2003-05-15,FEMININO,861105726827996,46522021057,(14) 95563-6850,0,2026-03-08 15:40:00,0,0,0001234573,ESF 7,2025-01-25,0001234573,ESF 7,0,2026-08-01
700655,SICRANA CORDEIRO LACERDA,1960-12-24,FEMININO,765616951796292,66592531739,(12) 96512-8101,0,2025-09-04 13:45:00,0,0,0001234570,ESF 4,2025-05-31,0001234570,ESF 4,0,2026-08-01
700656,CICRANA LOUREIRO PORTELA,1967-11-13,FEMININO,871746908641790,93570625487,(19) 91344-9269,0,2025-02-14 16:30:00,0,0,0001234570,ESF 4,2026-02-10,0001234570,ESF 4,1,2026-08-01
700657,BELTRANA DOS TAVARES,2006-07-23,FEMININO,793195440175047,71346590622,(17) 94024-6836,0,2025-11-13 15:40:00,0,0,0001234573,ESF 7,2022-08-24,0001234573,ESF 7,0,2026-08-01
700658,CICRANO DOS PEIXOTO,1943-12-20,MASCULINO,878411579280742,79732941121,(15) 92320-4540,0,2025-01-15 14:15:00,1,0,0001234569,ESF 3,2025-05-01,0001234569,ESF 3,0,2026-08-01
700659,CICRANO PEIXOTO,2020-04-03,MASCULINO,876743342407865,27336231765,(11) 92293-4568,0,2025-02-04 11:10:00,0,0,0001234571,ESF 5,2024-11-07,0001234571,ESF 5,0,2026-08-01
700660,SICRANA BITTENCOURT UCHOA,2020-08-06,FEMININO,889117491860839,21041193247,(15) 92238-2182,0,2026-07-15 12:40:00,0,0,0001234572,ESF 5,2023-08-11,0001234572,ESF 5,0,2026-08-01
700661,SICRANO DE BANDEIRA,2014-06-06,MASCULINO,852487405388009,91954636319,(14) 93101-4416,0,2025-07-14 13:10:00,0,0,0001234569,ESF 3,2026-01-02,0001234569,ESF 3,1,2026-08-01
700662,BELTRANA SALGADO DA NOVAES,1948-10-27,FEMININO,726196523525124,65320086301,(14) 91853-2198,0,2026-06-22 13:15:00,0,0,0001234571,ESF 5,2026-06-05,0001234571,ESF 5,1,2026-08-01
700663,SICRANO QUEIROZ DE CORDEIRO,2012-05-13,MASCULINO,845651946012904,76050344826,(17) 98447-8829,0,2025-07-24 09:00:00,0,0,0001234568,ESF 2,2025-12-18,0001234568,ESF 2,2,2026-08-01
700664,FULANO JARDIM QUEIROZ,2024-12-17,MASCULINO,817445207628886,91895360456,(12) 92534-6955,0,2025-12-31 14:50:00,0,0,0001234567,ESF  1 ,2025-06-23,0001234567,ESF  1 ,0,2026-08-01
700665,FULANO XAVIER DA TAVARES,1939-07-28,MASCULINO,864158008087164,25691360427,(15) 92814-6102,0,2024-12-23 09:45:00,1,0,0001234567,ESF  1 ,2024-03-26,0001234567,ESF  1 ,0,2026-08-01
700666,CICRANA CORDEIRO REZENDE,1955-11-23,FEMININO,895317326282296,10413392911,(15) 92373-4792,0,2026-06-23 09:45:00,0,0,0001234568,ESF 2,2023-07-15,0001234568,ESF 2,0,2026-08-01
700667,FULANO MARINHO,1994-08-02,MASCULINO,846918135583971,89643371582,(18) 99387-7892,0,2025-02-23 08:10:00,0,0,0001234572,ESF 5,2026-06-30,0001234572,ESF 5,2,2026-08-01
700668,CICRANO QUEIROZ,1945-12-28,MASCULINO,886577994408559,98694497868,(19) 96688-9526,0,2026-06-16 12:20:00,0,0,0001234570,ESF 4,2025-08-13,0001234570,ESF 4,1,2026-08-01
700669,CICRANA UCHOA,2009-07-14,FEMININO,707574645433408,13305909375,(11) 93133-1390,0,2025-03-19 15:40:00,0,0,0001234567,ESF  1 ,,,,0,2026-08-01
700670,SICRANO REZENDE,2003-05-21,MASCULINO,890921069630711,16192644471,(17) 92005-7002,0,2026-06-09 15:30:00,0,0,0001234568,ESF 2,2026-04-18,0001234568,ESF 2,1,2026-08-01
700671,CICRANO REZENDE MESQUITA,2024-04-30,MASCULINO,708644562722082,10650579209,(16) 96980-8377,0,2026-01-23 14:10:00,0,0,0001234573,ESF 7,2025-10-25,0001234573,ESF 7,1,2026-08-01
700672,,1969-03-31,FEMININO,732829816867910,88294711277,(12) 99581-4091,0,2024-11-16 13:20:00,0,0,0001234569,ESF 3,,,,0,2026-08-01
700673,BELTRANO TEIXEIRA ESCOBAR,1987-08-19,MASCULINO,733496541768446,40403449368,(12) 96733-2674,0,2025-01-05 10:00:00,1,0,0001234569,ESF 3,2025-12-03,0001234569,ESF 3,1,2026-08-01
700674,SICRANO DELGADO DA ESCOBAR,1955-12-22,MASCULINO,721307233450940,85245425271,(18) 99638-9365,0,2024-10-06 16:30:00,0,0,0001234570,ESF 4,2023-01-09,0001234570,ESF 4,0,2026-08-01
700675,FULANA DA HUNGRIA,1941-10-19,FEMININO,716492777702641,94243520853,(19) 91980-9328,0,2026-01-19 14:30:00,0,0,0001234573,ESF 7,2023-12-07,0001234573,ESF 7,0,2026-08-01
700676,BELTRANO LOUREIRO DOS SAMPAIO,1965-08-01,MASCULINO,895877280307968,98288526919,(12) 91071-8400,0,2024-10-11 13:15:00,0,0,0001234572,ESF 5,2024-10-20,0001234572,ESF 5,0,2026-08-01
700677,BELTRANA REZENDE FONTOURA,1938-07-17,FEMININO,868014345462099,84162242004,(17) 97585-4694,0,2024-10-15 13:10:00,0,0,0001234572,ESF 5,,,,0,2026-08-01
700678,FULANA BANDEIRA DOS ESTEVES,1940-11-23,FEMININO,701283647644066,91864651807,(18) 93056-7348,0,2024-09-25 09:30:00,0,0,0001234568,ESF 2,2026-05-26,0001234568,ESF 2,3,2026-08-01
700679,BELTRANA GALVAO ESCOBAR,1965-02-18,FEMININO,715255300683833,26897229092,(19) 97720-1060,0,2025-05-08 09:50:00,0,0,0001234570,ESF 4,2024-06-09,0001234570,ESF 4,0,2026-08-01
700680,BELTRANA UCHOA,1941-11-19,FEMININO,839740269263193,39695421467,(19) 91001-8102,0,2025-06-18 13:45:00,0,0,0001234573,ESF 7,2026-01-30,0001234573,ESF 7,2,2026-08-01
700681,FULANA GUIMARAES BANDEIRA,2022-12-28,FEMININO,895866920977845,32628752361,(13) 97124-7503,0,2025-09-25 12:45:00,0,0,0001234569,ESF 3,2024-04-25,0001234569,ESF 3,0,2026-08-01
700682,FULANA NOVAES DOS DELGADO,1990-02-20,FEMININO,761202319799991,36521067258,(17) 95644-1506,0,2025-08-24 08:00:00,0,0,0001234568,ESF 2,,,,0,2026-08-01
700683,SICRANO MESQUITA DA ALBUQUERQUE,1985-05-13,MASCULINO,762124545377455,64758571300,(18) 94513-8120,0,2025-06-26 15:15:00,0,0,0001234570,ESF 4,2022-11-21,0001234570,ESF 4,0,2026-08-01
700684,SICRANO DA JARDIM,1994-07-28,MASCULINO,739457209919270,51183313587,(15) 97302-6325,0,2024-11-14 09:45:00,0,0,0001234573,ESF 7,2025-06-18,0001234573,ESF 7,0,2026-08-01
700685,SICRANA GUIMARAES FONTOURA,1973-05-22,FEMININO,826420665489507,09040614696,(16) 91883-3262,0,2026-01-03 09:30:00,0,0,0001234572,ESF 5,2024-06-23,0001234572,ESF 5,0,2026-08-01
700686,FULANA UCHOA,2000-08-14,FEMININO,871108297094989,95376443320,(14) 95582-8097,0,2024-11-08 11:30:00,0,0,0001234572,ESF 5,2025-04-15,0001234572,ESF 5,0,2026-08-01
700687,,1942-01-11,MASCULINO,817419144125360,19675072360,(18) 96913-3007,0,2025-03-27 13:45:00,0,0,0001234567,ESF  1 ,2026-06-28,0001234567,ESF  1 ,2,2026-08-01
700688,CICRANA QUINTELA DE NOVAES,1958-05-17,FEMININO,745954842649668,78766787930,(18) 92652-9803,0,2025-08-07 10:00:00,0,0,0001234571,ESF 5,2025-10-01,0001234571,ESF 5,3,2026-08-01
700689,SICRANO HUNGRIA,2008-01-25,MASCULINO,804640553869806,28955361719,(14) 99608-6199,0,2026-07-14 13:15:00,0,0,0001234569,ESF 3,2025-07-12,0001234569,ESF 3,0,2026-08-01
700690,FULANA DA BITTENCOURT,2021-10-20,FEMININO,889913486530008,57200346684,(16) 93768-6012,0,2025-07-29 08:30:00,0,0,0001234572,ESF 5,2025-11-14,0001234572,ESF 5,1,2026-08-01
700691,FULANA SAMPAIO,2001-03-15,FEMININO,846939631408167,63312304246,(14) 96630-1498,0,2025-07-11 08:30:00,0,0,0001234570,ESF 4,2023-09-05,0001234570,ESF 4,0,2026-08-01
700692,SICRANO HUNGRIA BANDEIRA,1989-01-24,MASCULINO,783743098753836,19473968206,(19) 93587-3002,0,2024-11-03 08:45:00,0,0,0001234571,ESF 5,2024-01-15,0001234571,ESF 5,0,2026-08-01
700693,SICRANA TAVARES DA QUINTELA,2023-07-01,FEMININO,864529602158294,06369866751,(11) 92383-7322,0,2026-04-19 16:40:00,1,0,0001234568,ESF 2,,,,0,2026-08-01
700694,CICRANO BITTENCOURT QUEIROZ,1997-06-30,MASCULINO,804171809276957,18345625976,(13) 98491-3102,0,2024-12-15 11:10:00,0,0,0001234571,ESF 5,2025-05-28,0001234571,ESF 5,0,2026-08-01
700695,FULANO DELGADO PEIXOTO,2021-11-14,MASCULINO,803696628365972,84794260475,(15) 93526-1029,0,2026-01-22 10:15:00,0,0,0001234571,ESF 5,,,,0,2026-08-01
700696,SICRANA LOUREIRO PORTELA,1948-10-20,FEMININO,882670327974510,47294061174,(15) 98233-9709,0,2025-02-05 12:00:00,0,0,0001234570,ESF 4,2025-08-24,0001234570,ESF 4,3,2026-08-01
700697,FULANA REZENDE DA REZENDE,2021-10-09,FEMININO,719157866005694,06023387005,(11) 94962-6989,0,2024-10-12 15:00:00,0,0,0001234571,ESF 5,2025-11-20,0001234571,ESF 5,1,2026-08-01
700698,FULANA PORTELA UCHOA,1936-09-21,FEMININO,742990159774821,83149903298,(16) 92257-5847,0,2025-05-02 10:15:00,0,0,0001234567,ESF  1 ,2026-03-20,0001234567,ESF  1 ,2,2026-08-01
700699,CICRANO MESQUITA DOS LACERDA,1948-05-18,MASCULINO,899078186535124,74857021901,(11) 96923-2986,0,2026-07-30 13:40:00,1,0,0001234573,ESF 7,2025-06-18,0001234573,ESF 7,0,2026-08-01
700700,BELTRANO PEIXOTO LOUREIRO,1964-11-23,MASCULINO,764880864267950,48754033803,(18) 95180-9152,0,2026-07-28 12:20:00,0,0,0001234571,ESF 5,2023-09-28,0001234571,ESF 5,0,2026-08-01
700701,SICRANO REZENDE,1990-12-06,MASCULINO,776307873556595,07078147821,(14) 91369-2859,0,2025-02-19 08:40:00,1,0,0001234569,ESF 3,2024-10-31,0001234569,ESF 3,0,2026-08-01
700702,CICRANO SAMPAIO TEIXEIRA,1997-12-16,MASCULINO,751667363320180,80250320003,(19) 92495-9210,0,2025-12-31 09:30:00,1,0,0001234571,ESF 5,2024-07-31,0001234571,ESF 5,0,2026-08-01
700703,CICRANO DOS XAVIER,1991-03-12,MASCULINO,703903778021953,66982688799,(16) 94260-1234,0,2026-07-26 15:30:00,0,0,0001234570,ESF 4,2024-02-21,0001234570,ESF 4,0,2026-08-01
700704,CICRANO HUNGRIA DE SAMPAIO,2009-12-29,MASCULINO,853026212509315,60151020478,(19) 98904-1030,0,2026-02-10 13:10:00,0,0,0001234568,ESF 2,2026-03-30,0001234568,ESF 2,1,2026-08-01
700705,FULANA GUIMARAES DE HUNGRIA,1970-11-21,FEMININO,872730997652916,18939244754,(14) 96488-3482,0,2025-07-26 15:45:00,0,0,0001234568,ESF 2,2024-04-20,0001234568,ESF 2,0,2026-08-01
700706,CICRANA DA MESQUITA,1973-01-13,FEMININO,776100566074344,55408872123,(18) 96794-5914,0,2025-12-17 10:50:00,0,0,0001234572,ESF 5,2025-08-12,0001234572,ESF 5,2,2026-08-01
700707,BELTRANA CARVALHO ESTEVES,1977-03-03,FEMININO,851819547150067,45486490772,(12) 98932-9407,0,2025-04-09 11:00:00,0,0,0001234568,ESF 2,2026-05-03,0001234568,ESF 2,1,2026-08-01
700708,CICRANA ESCOBAR PORTELA,1945-05-31,FEMININO,722849827706932,56332071304,(16) 96893-4052,0,2024-09-27 14:15:00,0,0,0001234573,ESF 7,2023-05-21,0001234573,ESF 7,0,2026-08-01
700709,BELTRANO FURTADO DA VASCONCELOS,2022-11-27,MASCULINO,752350492054391,59373723287,(11) 92864-1336,0,2025-04-29 10:00:00,0,0,0001234573,ESF 7,2025-08-28,0001234573,ESF 7,1,2026-08-01
700710,FULANO SAMPAIO DE FURTADO,1983-12-01,MASCULINO,835326582012448,20732338302,(12) 94062-6969,0,2025-02-28 10:15:00,0,0,0001234571,ESF 5,2026-06-01,0001234571,ESF 5,3,2026-08-01
700711,FULANO CARVALHO FURTADO,1998-11-05,MASCULINO,872303487358155,99297770321,(18) 92602-7019,0,2025-11-09 15:30:00,0,0,0001234568,ESF 2,,,,0,2026-08-01
700712,FULANO MARINHO,2023-10-28,MASCULINO,865462955066011,52888745730,(13) 92997-4710,0,2026-02-04 09:40:00,0,0,0001234568,ESF 2,,,,0,2026-08-01
700713,FULANA DA VASCONCELOS,2006-04-26,FEMININO,798555576592323,51885732962,(18) 96429-9981,0,2024-11-01 14:15:00,0,0,0001234572,ESF 5,2026-07-17,0001234572,ESF 5,4,2026-08-01
700714,CICRANO DE LOUREIRO,1993-01-06,MASCULINO,711231769133504,23307540867,(14) 92108-1330,0,2025-07-08 12:30:00,1,0,0001234571,ESF 5,2025-07-16,0001234571,ESF 5,0,2026-08-01
700715,FULANA DOS MESQUITA,1991-01-18,FEMININO,890760505518725,67675815930,(19) 97988-6252,0,2025-01-20 14:30:00,0,0,0001234571,ESF 5,,,,0,2026-08-01
700716,CICRANO REZENDE HUNGRIA,2016-09-27,MASCULINO,894940540744569,64802210010,(19) 91021-5831,0,2026-06-05 16:00:00,0,0,0001234569,ESF 3,,,,0,2026-08-01
700717,CICRANA DA TEIXEIRA,2019-11-29,FEMININO,864958611207590,53442695954,(14) 99339-2075,0,2026-07-29 16:40:00,0,0,0001234571,ESF 5,2026-02-17,0001234571,ESF 5,1,2026-08-01
700718,SICRANA MARINHO ZAMBONI,2021-06-27,FEMININO,739910086733826,08761858201,(19) 94126-5778,0,2026-02-05 15:40:00,0,0,0001234573,ESF 7,2026-02-18,0001234573,ESF 7,1,2026-08-01
700719,FULANO DOS PORTELA,1948-09-15,MASCULINO,780382575723379,12559210721,(16) 99391-8199,0,2024-10-28 12:40:00,0,0,0001234569,ESF 3,2026-03-02,0001234569,ESF 3,1,2026-08-01
700720,FULANA DE DANTAS,1976-08-26,FEMININO,769838375552167,54711911457,(17) 95781-9040,0,2025-11-26 14:50:00,0,0,0001234568,ESF 2,2025-02-20,0001234568,ESF 2,0,2026-08-01
700721,SICRANO LACERDA,1970-12-27,MASCULINO,783484624582993,72893348417,(13) 97299-3284,0,2025-12-21 09:10:00,0,0,0001234570,ESF 4,,,,0,2026-08-01
700722,SICRANA DOS DANTAS,1976-07-08,FEMININO,756283995134604,49018740803,(11) 93614-2677,0,2024-11-30 14:30:00,0,0,0001234573,ESF 7,2023-12-03,0001234573,ESF 7,0,2026-08-01
700723,BELTRANA CORDEIRO DOS TEIXEIRA,2009-02-25,FEMININO,776601208425717,31141706840,(13) 95279-8527,0,2026-04-03 08:50:00,0,0,0001234571,ESF 5,2026-06-12,0001234571,ESF 5,2,2026-08-01
700724,BELTRANO PORTELA REZENDE,2020-12-18,MASCULINO,718296750558863,90337114006,(16) 99936-2354,0,2024-12-30 15:20:00,0,0,0001234568,ESF 2,2025-08-07,0001234568,ESF 2,2,2026-08-01
700725,CICRANO DA FURTADO,1996-04-25,MASCULINO,797175832915050,17139707244,(15) 97330-9313,0,2025-04-07 10:30:00,0,0,0001234571,ESF 5,2023-07-25,0001234571,ESF 5,0,2026-08-01
700726,SICRANO LOUREIRO,1976-09-12,MASCULINO,740848332719892,06094113145,(15) 99086-3996,0,2026-06-30 11:45:00,0,0,0001234571,ESF 5,2025-01-29,0001234571,ESF 5,0,2026-08-01
700727,CICRANA DE VASCONCELOS,1978-02-05,FEMININO,768640701059734,53844421310,(17) 94027-7890,0,2024-11-21 10:15:00,0,0,0001234571,ESF 5,2025-12-26,0001234571,ESF 5,3,2026-08-01
700728,BELTRANO FONTOURA LACERDA,1988-11-06,MASCULINO,800949356077227,82698432374,(12) 94523-9041,0,2025-03-02 08:20:00,1,0,0001234571,ESF 5,2025-11-29,0001234571,ESF 5,2,2026-08-01
700729,SICRANA QUEIROZ,2015-06-27,FEMININO,775895778289937,69939256486,(12) 92156-7233,0,2025-05-23 14:00:00,1,0,0001234570,ESF 4,2025-08-27,0001234570,ESF 4,2,2026-08-01
700730,SICRANO GUIMARAES DOS MESQUITA,1964-02-16,MASCULINO,890726828196121,26903202235,(14) 99020-4567,0,2026-03-03 12:10:00,0,0,0001234571,ESF 5,2026-07-18,0001234571,ESF 5,1,2026-08-01
700731,ZZZZZ,1981-02-15,MASCULINO,744494387904675,11670607331,(11) 99156-8092,0,2026-03-02 13:10:00,0,0,0001234573,ESF 7,,,,0,2026-08-01
700732,FULANO DOS QUEIROZ,1976-09-05,MASCULINO,768346835029058,36274863070,(17) 92774-5016,0,2025-05-29 15:00:00,0,0,0001234571,ESF 5,2024-03-28,0001234571,ESF 5,0,2026-08-01
700733,SICRANO QUINTELA DE BANDEIRA,2020-10-31,MASCULINO,708995801858255,05292089118,(19) 93446-2283,0,2025-12-03 14:15:00,0,0,0001234572,ESF 5,2026-06-04,0001234572,ESF 5,1,2026-08-01
700734,FULANO TEIXEIRA CARVALHO,1950-08-21,MASCULINO,775655340174301,53023420816,(18) 94617-6421,0,2025-07-09 14:50:00,0,0,0001234569,ESF 3,2026-01-25,0001234569,ESF 3,1,2026-08-01
700735,BELTRANO DA VALADARES,1963-03-20,MASCULINO,812617271533100,10814294538,(16) 97849-7528,0,2026-03-14 16:50:00,0,0,0001234570,ESF 4,2024-01-03,0001234570,ESF 4,0,2026-08-01
700736,SICRANO ESTEVES,1942-07-27,MASCULINO,741462606282003,56993353408,(15) 99529-8646,0,2025-11-18 08:10:00,0,0,0001234569,ESF 3,2022-11-20,0001234569,ESF 3,0,2026-08-01
700737,SICRANA SALGADO GUIMARAES,1996-07-02,FEMININO,850024790420505,64494575209,(18) 93154-3176,0,2026-04-22 09:15:00,1,0,0001234568,ESF 2,2026-06-26,0001234568,ESF 2,1,2026-08-01
700738,FULANO DOS PORTELA,1962-08-09,MASCULINO,854999246803166,43833681072,(17) 91164-3655,0,2025-05-18 13:40:00,0,0,0001234573,ESF 7,2025-09-24,0001234573,ESF 7,1,2026-08-01
700739,CICRANO ALBUQUERQUE DOS DANTAS,2002-11-17,MASCULINO,800858060354192,75931710940,(12) 96169-5038,0,2026-06-21 13:40:00,0,0,0001234573,ESF 7,2024-11-03,0001234573,ESF 7,0,2026-08-01
700740,FULANA LOUREIRO DE TEIXEIRA,2016-10-04,FEMININO,868091178817263,90715170636,(18) 99099-6479,0,2025-07-31 14:00:00,0,0,0001234568,ESF 2,2026-04-26,0001234568,ESF 2,1,2026-08-01
700741,SICRANA TAVARES DE HUNGRIA,1968-04-22,FEMININO,749030766310104,21412722200,(12) 96368-4619,0,2025-07-07 15:40:00,0,0,0001234571,ESF 5,2026-02-25,0001234571,ESF 5,1,2026-08-01
700742,BELTRANA PEIXOTO DOS XAVIER,2004-06-22,FEMININO,899497598605523,30416056785,(15) 91604-8206,0,2025-09-12 13:00:00,0,0,0001234573,ESF 7,,,,0,2026-08-01
700743,BELTRANA CARVALHO TAVARES,1981-09-03,FEMININO,844610144632488,27300684140,(15) 91164-4101,0,2025-02-27 14:20:00,0,0,0001234573,ESF 7,,,,0,2026-08-01
700744,CICRANO REZENDE ALBUQUERQUE,1939-11-30,MASCULINO,877423528552928,43690064814,(12) 99633-5960,0,2026-04-27 10:40:00,0,0,0001234572,ESF 5,2023-12-25,0001234572,ESF 5,0,2026-08-01
700745,FULANO GUIMARAES DA UCHOA,1980-02-09,MASCULINO,800583966733147,89184896095,(17) 91665-4513,0,2025-03-26 16:50:00,0,0,0001234568,ESF 2,2026-02-05,0001234568,ESF 2,1,2026-08-01
700746,BELTRANA PORTELA BANDEIRA,2015-06-23,FEMININO,791938399893002,35010113504,(17) 96398-8229,0,2026-06-22 10:45:00,0,0,0001234570,ESF 4,2023-04-10,0001234570,ESF 4,0,2026-08-01
700747,FULANA DA FURTADO,1937-09-26,FEMININO,891398247286653,45602315595,(19) 93740-2294,0,2026-04-19 11:50:00,0,0,0001234572,ESF 5,2025-02-25,0001234572,ESF 5,0,2026-08-01
700748,CICRANO FURTADO,1960-01-02,MASCULINO,823206344426358,86987393690,(18) 95810-1882,0,2025-12-17 12:20:00,0,0,0001234569,ESF 3,2026-01-23,0001234569,ESF 3,1,2026-08-01
700749,FULANO GUIMARAES SAMPAIO,2009-07-28,MASCULINO,770249435674438,20810977371,(16) 92201-2953,0,2025-08-30 09:45:00,0,0,0001234571,ESF 5,2024-03-13,0001234571,ESF 5,0,2026-08-01
700750,FULANA NOGUEIRA VASCONCELOS,1979-03-10,FEMININO,814158456147437,46451165256,(14) 94988-1771,0,2026-02-09 11:40:00,0,0,0001234567,ESF  1 ,2023-08-21,0001234567,ESF  1 ,0,2026-08-01
700751,BELTRANO ZAMBONI QUINTELA,1955-12-13,MASCULINO,899484954273697,99482883277,(17) 99777-8970,0,2024-09-23 10:20:00,0,0,0001234573,ESF 7,2025-11-20,0001234573,ESF 7,1,2026-08-01
700752,FULANA UCHOA DOS FURTADO,1997-10-30,FEMININO,713416732929795,61564110703,(15) 91627-5786,0,2026-06-02 12:00:00,1,0,0001234567,ESF  1 ,2024-08-16,0001234567,ESF  1 ,0,2026-08-01
700753,SICRANO DA LACERDA,1937-02-22,MASCULINO,714114365433927,60719992274,(14) 96710-7931,0,2025-07-28 15:30:00,0,0,0001234569,ESF 3,2025-04-08,0001234569,ESF 3,0,2026-08-01
700754,BELTRANO FURTADO NOVAES,2002-12-04,MASCULINO,861528796184301,63819706501,(13) 98018-3535,0,2024-12-13 08:45:00,0,0,0001234569,ESF 3,2024-01-24,0001234569,ESF 3,0,2026-08-01
700755,SICRANA HUNGRIA,1943-11-02,FEMININO,886865190308315,11076313354,(13) 98149-4572,0,2025-12-23 13:10:00,0,0,0001234569,ESF 3,2024-12-07,0001234569,ESF 3,0,2026-08-01
700756,SICRANA LOUREIRO DA ESCOBAR,1961-02-24,FEMININO,868534342749311,50937928373,(17) 98689-4303,0,2026-03-27 10:10:00,0,0,0001234567,ESF  1 ,2025-06-10,0001234567,ESF  1 ,0,2026-08-01
700757,FULANO BITTENCOURT DE SAMPAIO,1979-04-11,MASCULINO,700739742246851,02886033384,(18) 93585-7486,0,2025-01-25 16:45:00,0,0,0001234572,ESF 5,,,,0,2026-08-01
700758,CICRANA GALVAO,1939-06-23,FEMININO,877255655136935,79628776933,(17) 93720-1808,0,2025-11-12 11:20:00,0,0,0001234567,ESF  1 ,2026-01-12,0001234567,ESF  1 ,1,2026-08-01
700759,SICRANO PORTELA DANTAS,1951-03-17,MASCULINO,812547682156258,37479228725,(14) 96110-9928,0,2025-07-08 10:10:00,0,0,0001234573,ESF 7,2025-04-09,0001234573,ESF 7,0,2026-08-01
700760,SICRANO MESQUITA DE CARVALHO,1968-07-11,MASCULINO,722945844534527,76120006444,(15) 97543-8996,0,2025-12-28 10:15:00,0,0,0001234573,ESF 7,2025-03-08,0001234573,ESF 7,0,2026-08-01
700761,CICRANA TEIXEIRA LACERDA,1955-12-17,FEMININO,869458827596028,10992332835,(15) 92178-4317,0,2025-07-15 16:10:00,0,0,0001234568,ESF 2,,,,0,2026-08-01
700762,,1974-10-20,FEMININO,717577192714819,27491834991,(18) 93184-4579,0,2025-04-06 14:20:00,0,0,0001234572,ESF 5,,,,0,2026-08-01
700763,BELTRANO DA BANDEIRA,1953-04-14,MASCULINO,851723545883132,79402129155,(18) 92706-9929,0,2025-05-21 16:40:00,0,0,0001234568,ESF 2,2023-07-14,0001234568,ESF 2,0,2026-08-01
700764,CICRANA VASCONCELOS DOS PORTELA,2001-09-07,FEMININO,881376057116189,32542419834,(14) 96071-6105,0,2024-11-17 16:20:00,0,0,0001234570,ESF 4,,,,0,2026-08-01
700765,FULANO FURTADO,1937-05-20,MASCULINO,874506405641201,55827472655,(14) 98015-9542,0,2026-03-05 16:45:00,0,0,0001234571,ESF 5,2025-09-16,0001234571,ESF 5,1,2026-08-01
700766,BELTRANA DELGADO,2020-06-04,FEMININO,747225866001845,87508813881,(13) 93637-8446,0,2024-11-04 11:10:00,0,0,0001234568,ESF 2,2026-02-20,0001234568,ESF 2,2,2026-08-01
700767,FULANO XAVIER GALVAO,1962-02-20,MASCULINO,844464561675714,38983519470,(11) 92421-5215,0,2025-02-11 12:30:00,0,0,0001234570,ESF 4,2025-10-16,0001234570,ESF 4,1,2026-08-01
700768,FULANO MARINHO VALADARES,1938-12-23,MASCULINO,881090941766133,84530605842,(11) 97177-9676,0,2026-06-14 16:40:00,0,0,0001234568,ESF 2,2026-07-15,0001234568,ESF 2,1,2026-08-01
700769,CICRANA DA ZAMBONI,2017-03-26,FEMININO,867511332562142,04266762624,(18) 92165-3943,0,2024-09-04 16:50:00,0,0,0001234570,ESF 4,2024-12-04,0001234570,ESF 4,0,2026-08-01
700770,SICRANO PEIXOTO LACERDA,2003-11-10,MASCULINO,873434324410866,26912321829,(15) 94154-8987,0,2025-06-04 13:45:00,0,0,0001234570,ESF 4,2025-11-06,0001234570,ESF 4,1,2026-08-01
700771,SICRANO ZAMBONI PORTELA,1941-07-14,MASCULINO,874223250601735,28078560207,(17) 92405-7384,0,2026-06-01 15:30:00,0,0,0001234569,ESF 3,2024-07-06,0001234569,ESF 3,0,2026-08-01
700772,CICRANA SALGADO,1991-07-29,FEMININO,763829218807815,59735087732,(16) 95023-4599,0,2024-10-20 08:40:00,0,0,0001234571,ESF 5,2026-01-08,0001234571,ESF 5,1,2026-08-01
700773,FULANA PEIXOTO REZENDE,1982-12-12,FEMININO,769677181374051,75281739914,(16) 93844-3776,0,2024-09-12 08:45:00,0,0,0001234573,ESF 7,2026-03-19,0001234573,ESF 7,1,2026-08-01
700774,BELTRANO DA HUNGRIA,1952-11-20,MASCULINO,702178019069833,89262467878,(13) 97796-4416,0,2024-10-01 14:00:00,0,0,0001234567,ESF  1 ,2024-06-24,0001234567,ESF  1 ,0,2026-08-01
700775,FULANO DANTAS,1949-08-07,MASCULINO,732245950278165,51184503495,(14) 94467-8490,0,2025-09-24 12:20:00,0,0,0001234573,ESF 7,,,,0,2026-08-01
700776,BELTRANA QUEIROZ DOS CARVALHO,1956-10-23,FEMININO,706956756957680,89459801995,(17) 99626-9873,0,2025-01-27 12:20:00,0,0,0001234573,ESF 7,2026-06-22,0001234573,ESF 7,4,2026-08-01
700777,SICRANA FONTOURA DA PORTELA,2001-11-12,FEMININO,872751412987035,06108107660,(12) 99050-9843,0,2024-09-21 08:20:00,1,0,0001234567,ESF  1 ,2024-05-30,0001234567,ESF  1 ,0,2026-08-01
700778,FULANA PORTELA DE GUIMARAES,2010-01-31,FEMININO,796213991839702,60586724819,(15) 96594-8096,0,2025-12-04 13:15:00,0,0,0001234571,ESF 5,2026-02-26,0001234571,ESF 5,1,2026-08-01
700779,CICRANO ESTEVES,1952-04-14,MASCULINO,779149171365110,53378960915,(18) 98298-4734,0,2025-07-30 14:20:00,0,0,0001234567,ESF  1 ,2023-04-04,0001234567,ESF  1 ,0,2026-08-01
700780,CICRANO VASCONCELOS,1945-09-16,MASCULINO,742941961254583,12206737907,(17) 91515-7259,0,2026-05-08 15:30:00,1,0,0001234571,ESF 5,2024-04-22,0001234571,ESF 5,0,2026-08-01
700781,CICRANA SAMPAIO,2013-04-04,FEMININO,838793648150228,54482314707,(14) 96463-1944,0,2025-05-29 12:45:00,0,0,0001234570,ESF 4,2026-04-04,0001234570,ESF 4,2,2026-08-01
700782,,1998-01-03,MASCULINO,806512767243247,79122164481,(17) 95298-2100,0,2026-03-17 10:45:00,0,0,0001234569,ESF 3,,,,0,2026-08-01
700783,FULANA ZAMBONI,1969-08-18,FEMININO,789086150031603,02456210400,(12) 96333-9513,0,2025-05-24 09:30:00,0,0,0001234569,ESF 3,2025-04-15,0001234569,ESF 3,0,2026-08-01
700784,FULANA ZAMBONI DOS FONTOURA,1964-05-12,FEMININO,865376237829954,30959425404,(19) 94535-6268,0,2024-11-20 12:15:00,1,0,0001234570,ESF 4,2025-04-25,0001234570,ESF 4,0,2026-08-01
700785,SICRANO DANTAS DANTAS,1956-06-13,MASCULINO,882886610583585,61355044015,(12) 96461-1580,0,2026-02-18 08:40:00,0,0,0001234567,ESF  1 ,2022-10-03,0001234567,ESF  1 ,0,2026-08-01
700786,SICRANA SAMPAIO DOS PEIXOTO,1983-10-14,FEMININO,799866276411264,02568887878,(15) 92536-4858,0,2026-03-02 16:50:00,0,0,0001234571,ESF 5,2024-09-27,0001234571,ESF 5,0,2026-08-01
700787,CICRANO QUEIROZ,2024-12-09,MASCULINO,880736918143327,73712720301,(13) 99876-8348,0,2026-06-05 11:20:00,0,0,0001234571,ESF 5,2026-06-18,0001234571,ESF 5,1,2026-08-01
700788,SICRANA DE TAVARES,1938-04-27,FEMININO,788563244810453,24970682241,(12) 94968-8392,0,2025-06-22 16:50:00,0,0,0001234567,ESF  1 ,2026-05-21,0001234567,ESF  1 ,1,2026-08-01
700789,CICRANA NOVAES,1989-08-24,FEMININO,859042598293408,96765608550,(13) 99078-8156,0,2026-01-22 08:45:00,1,0,0001234572,ESF 5,2026-04-30,0001234572,ESF 5,2,2026-08-01
700790,BELTRANO BANDEIRA DOS ESCOBAR,1997-02-05,MASCULINO,821674174836719,20608928055,(12) 92835-5290,0,2025-12-06 09:00:00,0,0,0001234571,ESF 5,2026-04-03,0001234571,ESF 5,5,2026-08-01
700791,CICRANO NOGUEIRA VASCONCELOS,2007-04-15,MASCULINO,897053457066389,02438119005,(16) 93652-6464,0,2025-07-02 12:10:00,0,0,0001234568,ESF 2,2026-06-28,0001234568,ESF 2,3,2026-08-01
700792,CICRANA DA ZAMBONI,1950-03-28,FEMININO,749617983650804,96498032627,(17) 95889-7466,0,2025-09-14 14:15:00,0,0,0001234572,ESF 5,2023-10-14,0001234572,ESF 5,0,2026-08-01
700793,CICRANA DA UCHOA,2013-11-15,FEMININO,718882811269900,41684588732,(17) 94817-3232,0,2025-04-09 15:45:00,0,0,0001234568,ESF 2,2024-03-13,0001234568,ESF 2,0,2026-08-01
700794,CICRANA NOVAES DA LACERDA,2004-05-02,FEMININO,772311943885733,26243719317,(15) 92407-3313,0,2025-01-15 12:40:00,0,0,0001234571,ESF 5,2022-09-23,0001234571,ESF 5,0,2026-08-01
700795,CICRANA GALVAO FURTADO,1972-09-30,FEMININO,806298142327235,61131680341,(11) 92488-1955,0,2025-03-29 15:50:00,0,0,0001234573,ESF 7,2025-08-22,0001234573,ESF 7,2,2026-08-01
700796,BELTRANA GALVAO DA XAVIER,1982-11-01,FEMININO,865886770397300,79041604716,(14) 95780-5361,0,2025-02-13 12:40:00,0,0,0001234573,ESF 7,2025-03-12,0001234573,ESF 7,0,2026-08-01
700797,FULANO JARDIM,2003-07-06,MASCULINO,855145146202439,28172528966,(14) 94158-2047,0,2026-02-18 12:20:00,0,0,0001234567,ESF  1 ,2025-11-08,0001234567,ESF  1 ,1,2026-08-01
700798,BELTRANA SAMPAIO HUNGRIA,2011-06-08,FEMININO,809517096382802,65493959098,(17) 99981-2159,0,2025-02-26 13:30:00,0,0,0001234572,ESF 5,2025-03-30,0001234572,ESF 5,0,2026-08-01
700799,CICRANA DANTAS MESQUITA,2010-11-10,FEMININO,772927837348513,05917849201,(14) 92563-4238,0,2025-03-08 10:20:00,0,0,0001234572,ESF 5,2023-11-21,0001234572,ESF 5,0,2026-08-01
700800,FULANA BITTENCOURT DOS DELGADO,1954-12-07,FEMININO,791790929021674,57648186722,(19) 97543-9475,0,2024-10-01 10:50:00,0,0,0001234569,ESF 3,,,,0,2026-08-01
700801,CICRANO DE BITTENCOURT,1956-05-27,MASCULINO,731916429788419,76790056051,(13) 96883-7054,0,2025-03-01 11:40:00,0,0,0001234571,ESF 5,2025-03-08,0001234571,ESF 5,0,2026-08-01
700802,CICRANA TEIXEIRA DA NOGUEIRA,1987-09-23,FEMININO,883839007556874,54861415994,(17) 94475-5948,0,2025-05-29 08:10:00,1,0,0001234567,ESF  1 ,2024-12-27,0001234567,ESF  1 ,0,2026-08-01
700803,CICRANO DOS JARDIM,2023-11-30,MASCULINO,759009968438720,42090180588,(13) 92894-3334,0,2025-11-01 11:10:00,0,0,0001234570,ESF 4,,,,0,2026-08-01
700804,CICRANO ORNELAS DANTAS,1963-08-21,MASCULINO,746264542212298,85359994003,(15) 93860-9062,0,2025-09-24 14:50:00,0,0,0001234568,ESF 2,2024-10-23,0001234568,ESF 2,0,2026-08-01
700805,CICRANO DA QUINTELA,1953-07-27,MASCULINO,778748175016059,46698150241,(12) 97380-8120,0,2025-04-18 09:45:00,0,0,0001234568,ESF 2,2024-02-22,0001234568,ESF 2,0,2026-08-01
700806,BELTRANO DE HUNGRIA,2012-09-28,MASCULINO,811766358545675,26384573106,(12) 92473-6804,0,2025-12-19 16:20:00,0,0,0001234571,ESF 5,2026-02-13,0001234571,ESF 5,3,2026-08-01
700807,FULANA MESQUITA DA SALGADO,2014-01-30,FEMININO,748626253804023,66988068547,(19) 94991-2639,0,2024-09-11 14:20:00,0,0,0001234567,ESF  1 ,2024-09-12,0001234567,ESF  1 ,0,2026-08-01
700808,SICRANA ALBUQUERQUE DOS TEIXEIRA,1942-08-24,FEMININO,845212276480085,54981021276,(11) 92082-1818,0,2025-03-16 15:15:00,0,0,0001234569,ESF 3,2026-02-12,0001234569,ESF 3,1,2026-08-01
700809,FULANO CORDEIRO MESQUITA,2009-09-18,MASCULINO,854952000014235,57821580181,(16) 95181-1591,0,2025-11-10 14:30:00,0,0,0001234572,ESF 5,2025-10-15,0001234572,ESF 5,1,2026-08-01
700810,SICRANA DA XAVIER,1981-05-27,FEMININO,747478986421200,66438121437,(13) 97829-1055,0,2026-02-10 16:20:00,0,0,0001234573,ESF 7,2023-10-10,0001234573,ESF 7,0,2026-08-01
700811,CICRANA LOUREIRO DA LOUREIRO,1979-12-24,FEMININO,758165993529463,89423383131,(18) 94606-7166,0,2025-09-26 11:20:00,0,0,0001234570,ESF 4,2026-01-02,0001234570,ESF 4,2,2026-08-01
700812,FULANA GALVAO CARVALHO,1955-05-11,FEMININO,757710276194202,45559441865,(14) 97453-1000,0,2024-09-09 13:00:00,0,0,0001234572,ESF 5,2026-03-19,0001234572,ESF 5,1,2026-08-01
700813,BELTRANA DE TEIXEIRA,2006-02-18,FEMININO,876045845324180,81343286108,(16) 97306-6278,0,2025-03-22 09:00:00,0,0,0001234570,ESF 4,2024-09-29,0001234570,ESF 4,0,2026-08-01
700814,BELTRANO ESTEVES GALVAO,1963-12-30,MASCULINO,803077990086184,64535585050,(13) 98806-8211,0,2026-05-20 09:30:00,0,0,0001234567,ESF  1 ,2026-04-18,0001234567,ESF  1 ,3,2026-08-01
700815,BELTRANO DELGADO NOVAES,1943-06-27,MASCULINO,815111708389275,78764429432,(18) 97534-4826,0,2026-03-11 11:10:00,0,0,0001234570,ESF 4,2022-08-21,0001234570,ESF 4,0,2026-08-01
700816,SICRANO REZENDE DA ZAMBONI,1942-02-19,MASCULINO,833342789467610,33613637139,(17) 98949-4298,0,2025-09-30 08:45:00,0,0,0001234572,ESF 5,2026-04-24,0001234572,ESF 5,1,2026-08-01
700817,FULANO DA SALGADO,2009-04-25,MASCULINO,825997515002916,38725680511,(14) 92107-4127,0,2024-09-24 10:45:00,1,0,0001234567,ESF  1 ,2026-05-30,0001234567,ESF  1 ,1,2026-08-01
700818,FULANA NOGUEIRA TAVARES,1985-01-15,FEMININO,772349656205868,70321275170,(13) 96665-3572,0,2026-07-24 16:00:00,0,0,0001234569,ESF 3,2025-06-26,0001234569,ESF 3,0,2026-08-01
700819,CICRANO PORTELA VALADARES,1992-01-20,MASCULINO,801505314345698,69017177251,(18) 97286-5854,0,2026-05-25 13:45:00,0,0,0001234570,ESF 4,,,,0,2026-08-01
700820,CICRANO JARDIM DOS DELGADO,1967-11-13,MASCULINO,874004512332227,63011597562,(14) 91887-8251,0,2026-07-04 09:30:00,0,0,0001234569,ESF 3,2025-01-24,0001234569,ESF 3,0,2026-08-01
700821,SICRANA HUNGRIA,2017-02-09,FEMININO,767787031620567,25817266874,(18) 98372-2557,0,2024-10-14 10:00:00,0,0,0001234571,ESF 5,2024-12-24,0001234571,ESF 5,0,2026-08-01
700822,SICRANA DANTAS PEIXOTO,1981-04-24,FEMININO,879654367612561,66673743167,(17) 92767-5251,0,2026-02-04 13:15:00,0,0,0001234572,ESF 5,2023-05-19,0001234572,ESF 5,0,2026-08-01
700823,FULANO SAMPAIO DOS ESTEVES,1988-04-02,MASCULINO,867502031159715,87077708129,(11) 95290-2716,0,2026-06-27 16:00:00,0,0,0001234571,ESF 5,2026-05-31,0001234571,ESF 5,1,2026-08-01
700824,BELTRANA ESCOBAR DE CORDEIRO,1938-08-05,FEMININO,816572021417674,76446225785,(12) 94598-3886,0,2025-12-18 09:00:00,0,0,0001234573,ESF 7,2026-05-21,0001234573,ESF 7,3,2026-08-01
700825,SICRANO DOS LACERDA,1938-02-15,MASCULINO,758908983548554,59685802751,(15) 97715-7896,0,2025-10-08 13:45:00,0,0,0001234573,ESF 7,2026-05-16,0001234573,ESF 7,2,2026-08-01
700826,CICRANA VALADARES LACERDA,2009-10-11,FEMININO,888207791766703,23095647370,(16) 93786-1113,0,2025-06-26 12:30:00,0,0,0001234569,ESF 3,2024-08-27,0001234569,ESF 3,0,2026-08-01
700827,BELTRANA DA CARVALHO,2017-04-15,FEMININO,875580872990380,43080423306,(12) 93355-7105,0,2025-10-25 11:20:00,0,0,0001234570,ESF 4,,,,0,2026-08-01
700828,CICRANA NOVAES,1967-03-29,FEMININO,867325896523223,01697401709,(19) 91284-3359,0,2024-11-29 14:50:00,0,0,0001234573,ESF 7,2024-03-07,0001234573,ESF 7,0,2026-08-01
700829,BELTRANO ALBUQUERQUE ORNELAS,1959-05-20,MASCULINO,822114366897745,93698684102,(15) 91357-8621,0,2024-10-23 11:00:00,0,0,0001234571,ESF 5,2025-05-30,0001234571,ESF 5,0,2026-08-01
700830,SICRANA JARDIM,2025-04-29,FEMININO,848003775272750,66759566557,(15) 99855-5215,0,2026-07-18 09:10:00,0,0,0001234573,ESF 7,2026-07-10,0001234573,ESF 7,1,2026-08-01
700831,FULANA UCHOA DE GUIMARAES,1995-03-13,FEMININO,811704909053256,22507668866,(17) 91267-6031,0,2025-07-17 09:10:00,0,0,0001234569,ESF 3,2022-10-07,0001234569,ESF 3,0,2026-08-01
700832,CICRANO LACERDA LACERDA,1993-04-04,MASCULINO,894392954108988,82925789278,(16) 94537-1787,0,2025-03-25 08:40:00,0,0,0001234568,ESF 2,2026-06-17,0001234568,ESF 2,1,2026-08-01
700833,SICRANA CORDEIRO ESCOBAR,1954-12-02,FEMININO,886836181234707,41337179966,(13) 91195-2138,0,2025-02-20 11:15:00,0,0,0001234573,ESF 7,,,,0,2026-08-01
700834,SICRANA SALGADO DA BANDEIRA,1950-08-29,FEMININO,837488132765669,54556955255,(16) 97909-6472,0,2025-09-17 15:45:00,0,0,0001234567,ESF  1 ,2024-07-14,0001234567,ESF  1 ,0,2026-08-01
700835,SICRANO DA TAVARES,2026-10-09,MASCULINO,785214298465137,21722274639,(14) 94463-4732,0,2026-02-04 11:20:00,0,0,0001234570,ESF 4,2024-06-27,0001234570,ESF 4,0,2026-08-01
700836,CICRANO SALGADO DA QUEIROZ,2003-02-12,MASCULINO,838495833642299,30328674011,(15) 91931-9598,0,2025-01-27 16:00:00,0,0,0001234569,ESF 3,2026-01-29,0001234569,ESF 3,1,2026-08-01
700837,CICRANA CORDEIRO DE VASCONCELOS,2014-04-23,FEMININO,772838281202717,43179092352,(14) 94231-5368,0,2024-10-21 16:30:00,1,0,0001234570,ESF 4,2024-11-29,0001234570,ESF 4,0,2026-08-01
700838,BELTRANO NOGUEIRA FONTOURA,2015-02-02,MASCULINO,716231027147469,79845512608,(18) 96060-1970,0,2025-09-08 13:00:00,0,0,0001234569,ESF 3,,,,0,2026-08-01
700839,SICRANA BANDEIRA TAVARES,1967-09-16,FEMININO,800073578570772,64460261295,(16) 92823-1032,0,2026-05-25 10:40:00,0,0,0001234569,ESF 3,2026-04-05,0001234569,ESF 3,1,2026-08-01
700840,BELTRANA REZENDE DA TEIXEIRA,1985-04-01,FEMININO,788305411362195,78117319757,(14) 98777-3105,0,2024-10-30 13:50:00,0,0,0001234572,ESF 5,2023-11-13,0001234572,ESF 5,0,2026-08-01
700841,BELTRANO SALGADO LOUREIRO,2018-01-10,MASCULINO,728672769340738,54938891965,(18) 95051-2731,0,2025-04-04 08:30:00,0,0,0001234572,ESF 5,,,,0,2026-08-01
700842,FULANA FURTADO TAVARES,2017-01-08,FEMININO,704749225532592,56403217250,(14) 95779-1781,0,2025-10-03 10:50:00,0,0,0001234569,ESF 3,2023-12-31,0001234569,ESF 3,0,2026-08-01
700843,SICRANO GUIMARAES DOS MESQUITA,2021-05-18,MASCULINO,711610605682614,87014144881,(14) 91214-1590,0,2024-09-08 16:00:00,0,0,0001234568,ESF 2,2026-04-20,0001234568,ESF 2,2,2026-08-01
700844,SICRANA DELGADO,2023-02-15,FEMININO,749482671825849,03938679787,(16) 91530-1931,0,2025-04-22 08:15:00,1,0,0001234567,ESF  1 ,,,,0,2026-08-01
700845,FULANO BANDEIRA DE GALVAO,2012-07-07,MASCULINO,727701968127734,07555404843,(13) 95695-8355,0,2025-10-16 16:00:00,0,0,0001234572,ESF 5,,,,0,2026-08-01
700846,BELTRANA PORTELA TEIXEIRA,1989-05-30,FEMININO,870267010759170,83153607282,(18) 99734-7568,0,2024-09-13 14:50:00,1,0,0001234573,ESF 7,2025-09-26,0001234573,ESF 7,1,2026-08-01
700847,BELTRANO DA ORNELAS,2020-01-15,MASCULINO,826372852999688,86050803103,(17) 97415-9821,0,2024-12-27 08:30:00,1,0,0001234573,ESF 7,2025-10-10,0001234573,ESF 7,4,2026-08-01
700848,BELTRANA ORNELAS DE LACERDA,1958-02-19,FEMININO,884785875620143,48035811267,(13) 97035-1158,0,2024-09-05 09:15:00,0,0,0001234569,ESF 3,2025-03-29,0001234569,ESF 3,0,2026-08-01
700849,FULANO DA BITTENCOURT,1936-08-28,MASCULINO,768311500246736,54748834391,(13) 97575-7770,0,2025-08-25 11:30:00,0,0,0001234573,ESF 7,2025-04-03,0001234573,ESF 7,0,2026-08-01
700850,BELTRANA ZAMBONI DE JARDIM,2000-10-15,FEMININO,791939948933818,47230685118,(13) 94256-7077,0,2025-04-26 16:30:00,0,0,0001234569,ESF 3,2022-09-20,0001234569,ESF 3,0,2026-08-01
700851,FULANO VASCONCELOS NOGUEIRA,2022-09-07,MASCULINO,720116802178803,05488316028,(12) 95542-3911,0,2025-09-21 13:30:00,0,0,0001234568,ESF 2,2022-06-24,0001234568,ESF 2,0,2026-08-01
700852,SICRANO CARVALHO JARDIM,2020-05-22,MASCULINO,825134428560554,67560707549,(12) 98449-6454,0,2024-12-30 10:40:00,0,0,0001234568,ESF 2,2024-07-30,0001234568,ESF 2,0,2026-08-01
700853,SICRANO XAVIER,1949-02-12,MASCULINO,860058389861659,43711172521,(14) 99538-4185,0,2026-01-04 09:20:00,0,0,0001234567,ESF  1 ,,,,0,2026-08-01
700854,FULANO LACERDA DOS GALVAO,2022-10-21,MASCULINO,795650809619506,49684100001,(18) 99416-5386,0,2025-07-08 10:40:00,0,0,0001234571,ESF 5,2024-08-21,0001234571,ESF 5,0,2026-08-01
700855,FULANO FURTADO DA MESQUITA,2011-12-19,MASCULINO,828750820900477,80129826333,(12) 93747-1808,0,2025-09-28 13:20:00,0,0,0001234570,ESF 4,2024-10-27,0001234570,ESF 4,0,2026-08-01
700856,FULANO LACERDA BANDEIRA,1978-06-08,MASCULINO,752070512328259,84777619738,(12) 98835-6021,0,2025-02-15 15:50:00,1,0,0001234571,ESF 5,2025-06-22,0001234571,ESF 5,0,2026-08-01
700857,CICRANA JARDIM,1961-02-05,FEMININO,850279507054053,33102905731,(11) 99847-8917,0,2024-09-30 13:15:00,1,0,0001234573,ESF 7,2025-03-22,0001234573,ESF 7,0,2026-08-01
700858,SICRANO TEIXEIRA,2017-12-24,MASCULINO,733265861606210,16740939421,(11) 94198-5420,0,2026-02-25 13:30:00,0,0,0001234567,ESF  1 ,2025-04-30,0001234567,ESF  1 ,0,2026-08-01
700859,CICRANA QUINTELA FURTADO,2025-04-29,FEMININO,740879411449021,13489309422,(12) 99314-7961,0,2025-04-28 14:10:00,0,0,0001234567,ESF  1 ,2026-06-10,0001234567,ESF  1 ,1,2026-08-01
700860,SICRANO DA CARVALHO,1942-03-26,MASCULINO,789584606494401,23956806132,(12) 91935-7134,0,2024-12-08 09:20:00,0,0,0001234567,ESF  1 ,2026-03-01,0001234567,ESF  1 ,1,2026-08-01
700861,CICRANO GUIMARAES CARVALHO,1996-08-27,MASCULINO,836273546348466,34089490775,(12) 92348-3080,0,2025-04-22 16:30:00,0,0,0001234567,ESF  1 ,2024-01-11,0001234567,ESF  1 ,0,2026-08-01
700862,FULANA ALBUQUERQUE DA ALBUQUERQUE,2004-05-20,FEMININO,758415732905066,80846940818,(17) 94433-4428,0,2026-03-19 12:10:00,0,0,0001234571,ESF 5,2026-03-27,0001234571,ESF 5,1,2026-08-01
700863,BELTRANO GALVAO ESTEVES,1936-11-18,MASCULINO,820282484961521,37704649401,(19) 94526-7500,0,2025-09-22 12:10:00,0,0,0001234571,ESF 5,2025-09-09,0001234571,ESF 5,1,2026-08-01
700864,BELTRANO CARVALHO DOS MARINHO,1983-05-26,MASCULINO,781055037584960,27001877922,(12) 94260-5811,0,2026-07-16 14:10:00,0,0,0001234570,ESF 4,,,,0,2026-08-01
700865,BELTRANA MESQUITA,2024-04-11,FEMININO,720705646501942,31305221746,(12) 98600-4493,0,2026-03-12 08:15:00,0,0,0001234573,ESF 7,,,,0,2026-08-01
700866,CICRANO DE VALADARES,1955-08-19,MASCULINO,804953537996149,45368686073,(13) 92644-9426,0,2025-01-12 10:45:00,0,0,0001234570,ESF 4,2023-07-31,0001234570,ESF 4,0,2026-08-01
700867,CICRANO NOGUEIRA DE LACERDA,2019-01-03,MASCULINO,860349995151505,48684618697,(12) 98718-4186,0,2026-05-20 12:50:00,0,0,0001234567,ESF  1 ,2023-01-25,0001234567,ESF  1 ,0,2026-08-01
700868,SICRANA REZENDE DA VASCONCELOS,1987-04-08,FEMININO,771009032334544,26924177043,(16) 92163-9936,0,2025-06-17 08:45:00,0,0,0001234572,ESF 5,2025-05-27,0001234572,ESF 5,0,2026-08-01
700869,BELTRANA VALADARES,1990-12-16,FEMININO,859175389473208,24978718849,(13) 99274-5585,0,2025-11-17 13:10:00,0,0,0001234570,ESF 4,2026-07-27,0001234570,ESF 4,1,2026-08-01
700870,USUARIO TESTE,1981-12-18,FEMININO,878729481049865,20099340403,(11) 92508-2539,0,2025-10-01 12:15:00,0,0,0001234568,ESF 2,2023-08-02,0001234568,ESF 2,0,2026-08-01
700871,BELTRANO VALADARES VASCONCELOS,2012-08-16,MASCULINO,738189680626785,31622753772,(11) 93472-4813,0,2024-09-23 10:10:00,0,0,0001234573,ESF 7,,,,0,2026-08-01
700872,SICRANA DOS MESQUITA,1945-11-05,FEMININO,843306526818251,35555042311,(14) 94694-8659,0,2025-11-19 08:50:00,0,0,0001234568,ESF 2,2024-01-19,0001234568,ESF 2,0,2026-08-01
700873,SICRANO VALADARES DA CORDEIRO,2010-06-05,MASCULINO,780779044304370,47165265008,(15) 91700-7212,0,2025-03-01 13:15:00,0,0,0001234569,ESF 3,2025-08-19,0001234569,ESF 3,1,2026-08-01
700874,SICRANO ESCOBAR,1946-01-18,MASCULINO,814094875623753,06857256935,(14) 91890-3197,0,2026-03-26 10:20:00,0,0,0001234572,ESF 5,2024-01-18,0001234572,ESF 5,0,2026-08-01
700875,CICRANA DA MARINHO,1942-11-05,FEMININO,734873031464014,65742437421,(15) 94780-6280,0,2026-04-13 15:00:00,0,0,0001234567,ESF  1 ,,,,0,2026-08-01
700876,FULANO DANTAS ZAMBONI,1959-12-27,MASCULINO,871404548427848,25631289513,(14) 98007-6977,0,2024-12-16 08:40:00,0,0,0001234567,ESF  1 ,2022-12-04,0001234567,ESF  1 ,0,2026-08-01
700877,BELTRANA DELGADO DA QUEIROZ,2016-02-16,FEMININO,824467932942060,40511094371,(15) 98350-7781,0,2024-12-06 10:45:00,0,0,0001234570,ESF 4,2023-08-13,0001234570,ESF 4,0,2026-08-01
700878,FULANO DA GALVAO,1985-04-15,MASCULINO,759895455976421,94710435571,(13) 92985-3832,0,2024-12-05 11:30:00,0,0,0001234568,ESF 2,2024-09-15,0001234568,ESF 2,0,2026-08-01
700879,SICRANA DOS CORDEIRO,2010-10-10,FEMININO,837019850490414,14713264629,(19) 94198-2476,0,2026-06-06 09:15:00,0,0,0001234572,ESF 5,2025-08-08,0001234572,ESF 5,1,2026-08-01
700880,SICRANO TEIXEIRA TEIXEIRA,1937-06-27,MASCULINO,754188487944663,57744471971,(15) 99906-9011,0,2024-12-08 13:10:00,0,0,0001234570,ESF 4,,,,0,2026-08-01
700881,CICRANA BITTENCOURT,1936-09-23,FEMININO,705780052565333,26105536683,(16) 97185-6759,0,2025-10-12 12:30:00,0,0,0001234572,ESF 5,2025-04-07,0001234572,ESF 5,0,2026-08-01
700882,BELTRANO FURTADO FONTOURA,1979-04-26,MASCULINO,726595063060673,12043153618,(19) 94164-6738,0,2025-06-14 14:30:00,0,0,0001234567,ESF  1 ,2023-07-24,0001234567,ESF  1 ,0,2026-08-01
700883,BELTRANA PORTELA BITTENCOURT,1979-01-21,FEMININO,886763209351138,95549559871,(17) 94949-4228,0,2024-10-22 12:30:00,0,0,0001234569,ESF 3,2024-03-11,0001234569,ESF 3,0,2026-08-01
700884,FULANO REZENDE DE GALVAO,1950-05-28,MASCULINO,857831550541973,04790600531,(19) 93389-2263,0,2025-03-11 11:30:00,0,0,0001234568,ESF 2,2026-01-02,0001234568,ESF 2,1,2026-08-01
700885,CICRANA TEIXEIRA CORDEIRO,1963-04-16,FEMININO,727156555437526,84644220915,(15) 95871-6913,0,2024-12-29 16:40:00,0,0,0001234571,ESF 5,2026-02-28,0001234571,ESF 5,2,2026-08-01
700886,SICRANO SALGADO NOGUEIRA,1937-01-09,MASCULINO,810976653357660,15361033309,(15) 92170-7622,0,2026-07-18 08:20:00,0,0,0001234567,ESF  1 ,2026-06-20,0001234567,ESF  1 ,2,2026-08-01
700887,CICRANO UCHOA,1989-03-29,MASCULINO,852021764722826,06904540665,(15) 96194-5606,0,2025-05-14 09:00:00,0,0,0001234573,ESF 7,2026-04-22,0001234573,ESF 7,2,2026-08-01
700888,CICRANA DA DELGADO,1947-04-27,FEMININO,871883909168110,36855785370,(18) 94062-8279,0,2024-10-03 13:10:00,0,0,0001234573,ESF 7,2026-06-11,0001234573,ESF 7,1,2026-08-01
700889,CICRANO DOS ZAMBONI,1978-08-13,MASCULINO,869808875166089,66296935316,(14) 96818-5447,0,2024-12-30 15:50:00,0,0,0001234572,ESF 5,2026-05-21,0001234572,ESF 5,2,2026-08-01
700890,BELTRANO TAVARES DOS ORNELAS,1973-07-16,MASCULINO,774307748113950,02714993380,(11) 94187-8385,0,2026-03-07 15:20:00,0,0,0001234570,ESF 4,2022-10-10,0001234570,ESF 4,0,2026-08-01
700891,CICRANA DANTAS LACERDA,1993-11-24,FEMININO,700687719142685,17098480909,(13) 94443-2716,0,2026-01-18 16:30:00,0,0,0001234573,ESF 7,2024-02-27,0001234573,ESF 7,0,2026-08-01
700892,CICRANO DANTAS DOS QUEIROZ,1957-08-08,MASCULINO,739871158209095,46418064381,(19) 94979-5857,0,2024-09-13 15:30:00,0,0,0001234571,ESF 5,2025-02-01,0001234571,ESF 5,0,2026-08-01
700893,BELTRANO ALBUQUERQUE,1936-09-22,MASCULINO,830512509382051,02840625459,(15) 94120-5134,0,2025-02-18 15:15:00,0,0,0001234567,ESF  1 ,2025-02-06,0001234567,ESF  1 ,0,2026-08-01
700894,FULANO FONTOURA DE UCHOA,1992-06-09,MASCULINO,807925910870065,59156438924,(19) 96813-4464,0,2024-09-25 09:10:00,0,0,0001234571,ESF 5,2024-12-25,0001234571,ESF 5,0,2026-08-01
700895,CICRANA TAVARES,1944-12-07,FEMININO,810689834269217,56615154057,(17) 97000-7940,0,2026-01-05 16:00:00,0,0,0001234567,ESF  1 ,2024-07-03,0001234567,ESF  1 ,0,2026-08-01
700896,SICRANA MARINHO DE ZAMBONI,1965-03-02,FEMININO,894284146901668,62280526591,(15) 97915-1187,0,2025-09-13 12:30:00,0,0,0001234568,ESF 2,2025-01-17,0001234568,ESF 2,0,2026-08-01
700897,FULANA TEIXEIRA UCHOA,1991-06-22,FEMININO,839566430139745,83489374399,(13) 94944-4281,0,2025-01-17 16:10:00,0,0,0001234570,ESF 4,2024-07-08,0001234570,ESF 4,0,2026-08-01
700898,FULANO ZAMBONI,1962-06-16,MASCULINO,715897604740381,31093998491,(11) 95497-6003,0,2026-03-12 15:00:00,0,0,0001234571,ESF 5,2024-01-31,0001234571,ESF 5,0,2026-08-01
700899,BELTRANA DANTAS DANTAS,1980-03-10,FEMININO,724727631650113,11177465001,(14) 97001-8194,0,2026-03-26 11:15:00,0,0,0001234571,ESF 5,2025-01-22,0001234571,ESF 5,0,2026-08-01
700900,FULANO DE LOUREIRO,2019-01-22,MASCULINO,819819750464832,87345021573,(12) 97932-2859,0,2025-06-24 15:00:00,0,0,0001234573,ESF 7,2025-09-11,0001234573,ESF 7,3,2026-08-01
700901,FULANA DANTAS DE UCHOA,1959-11-19,FEMININO,863678829530060,10754057772,(12) 97888-6615,0,2025-04-29 09:10:00,0,0,0001234568,ESF 2,2024-09-27,0001234568,ESF 2,0,2026-08-01
700902,CICRANA DE SALGADO,2016-09-18,FEMININO,771486968893033,90552718531,(13) 98984-2595,0,2024-11-04 14:15:00,0,0,0001234573,ESF 7,2024-07-18,0001234573,ESF 7,0,2026-08-01
700903,CICRANO TAVARES,2003-06-27,MASCULINO,703614425208748,62000524096,(15) 95766-2260,0,2025-07-03 08:45:00,0,0,0001234572,ESF 5,2023-01-17,0001234572,ESF 5,0,2026-08-01
700904,FULANO MESQUITA DA GUIMARAES,1991-03-12,MASCULINO,772979450065123,52593869900,(14) 94828-9943,0,2025-06-13 11:45:00,0,0,0001234567,ESF  1 ,2024-07-29,0001234567,ESF  1 ,0,2026-08-01
700905,CICRANA DE REZENDE,1994-08-10,FEMININO,712260262847366,13535119520,(11) 91292-2443,0,2026-07-11 15:45:00,0,0,0001234569,ESF 3,2022-12-05,0001234569,ESF 3,0,2026-08-01
700906,BELTRANA FURTADO DA ORNELAS,1946-03-07,FEMININO,855806898692664,99041489534,(15) 99844-4126,0,2025-12-04 09:50:00,0,0,0001234572,ESF 5,2025-03-30,0001234572,ESF 5,0,2026-08-01
700907,SICRANA BANDEIRA,1964-03-12,FEMININO,887274972540393,60284278107,(17) 91987-8412,0,2025-03-20 15:00:00,0,0,0001234573,ESF 7,2023-10-04,0001234573,ESF 7,0,2026-08-01
700908,SICRANA BITTENCOURT DA HUNGRIA,1963-09-08,FEMININO,851897452513543,86517393201,(13) 99281-7131,0,2025-02-04 10:00:00,0,0,0001234570,ESF 4,2022-07-08,0001234570,ESF 4,0,2026-08-01
700909,FULANO MESQUITA ESCOBAR,2008-08-18,MASCULINO,832633925624874,31814831330,(16) 94752-1969,0,2025-08-01 15:40:00,0,0,0001234571,ESF 5,2026-01-23,0001234571,ESF 5,3,2026-08-01
700910,SICRANA ESTEVES REZENDE,1985-10-13,FEMININO,783777326276014,44121079656,(11) 98250-4019,0,2025-03-24 14:40:00,0,0,0001234573,ESF 7,2025-12-25,0001234573,ESF 7,1,2026-08-01
700911,SICRANA XAVIER DELGADO,1966-11-06,FEMININO,891536894424423,05010454140,(19) 96283-6536,0,2026-05-01 12:20:00,0,0,0001234573,ESF 7,2025-04-11,0001234573,ESF 7,0,2026-08-01
700912,CICRANA DANTAS CARVALHO,2021-01-12,FEMININO,814757369335224,06516350206,(16) 97100-5584,0,2025-12-23 15:10:00,0,0,0001234572,ESF 5,2025-04-06,0001234572,ESF 5,0,2026-08-01
700913,CICRANA VALADARES DE NOVAES,1938-05-06,FEMININO,875635887333511,72682957821,(13) 98804-5461,0,2025-02-16 15:40:00,0,0,0001234570,ESF 4,2025-12-24,0001234570,ESF 4,1,2026-08-01
700914,CICRANA NOVAES,1979-05-09,FEMININO,782887768245903,33547727198,(18) 93215-3847,0,2025-10-20 08:30:00,0,0,0001234570,ESF 4,2025-10-10,0001234570,ESF 4,1,2026-08-01
700915,FULANA DA ALBUQUERQUE,1973-05-13,FEMININO,714990464119403,09812728784,(11) 95552-5711,0,2026-01-12 15:20:00,0,0,0001234571,ESF 5,2025-01-24,0001234571,ESF 5,0,2026-08-01
700916,SICRANA ZAMBONI,1992-03-30,FEMININO,804200543563184,08569162422,(14) 97270-9100,0,2025-06-26 16:50:00,0,0,0001234567,ESF  1 ,2025-11-04,0001234567,ESF  1 ,4,2026-08-01
700917,SICRANA CARVALHO,1971-11-01,FEMININO,793608366315456,06635784005,(15) 98136-6055,0,2025-09-26 13:40:00,0,0,0001234570,ESF 4,2026-01-29,0001234570,ESF 4,1,2026-08-01
700918,CICRANA MARINHO,1977-07-23,FEMININO,793245426984798,07868178796,(15) 98743-6728,0,2025-06-12 11:00:00,0,0,0001234570,ESF 4,2024-08-23,0001234570,ESF 4,0,2026-08-01
700919,CICRANA CORDEIRO QUINTELA,1952-12-25,FEMININO,885052393674077,53008921494,(16) 97697-5770,0,2025-06-28 12:40:00,0,0,0001234572,ESF 5,2025-06-15,0001234572,ESF 5,0,2026-08-01
700920,FULANO SALGADO BANDEIRA,2018-06-28,MASCULINO,751921228059084,60098961773,(19) 97524-2833,0,2025-06-27 10:20:00,1,0,0001234573,ESF 7,2024-11-04,0001234573,ESF 7,0,2026-08-01
700921,FULANO ESTEVES,1973-04-09,MASCULINO,857219145435100,22471243054,(19) 98888-4391,0,2026-06-08 09:15:00,0,0,0001234572,ESF 5,2024-09-11,0001234572,ESF 5,0,2026-08-01
700922,SICRANO PORTELA DA QUEIROZ,1979-01-29,MASCULINO,868538000207549,57804531100,(17) 91359-7380,0,2025-06-17 11:10:00,0,0,0001234570,ESF 4,2025-09-07,0001234570,ESF 4,1,2026-08-01
700923,BELTRANO DANTAS,2015-05-02,MASCULINO,846714111781694,92561629385,(16) 94523-8058,0,2024-12-30 11:50:00,0,0,0001234571,ESF 5,2025-10-22,0001234571,ESF 5,1,2026-08-01
700924,FULANO VASCONCELOS DE LOUREIRO,2005-09-21,MASCULINO,755135079115347,60613231075,(12) 94911-6037,0,2024-11-22 10:20:00,1,0,0001234568,ESF 2,2026-02-12,0001234568,ESF 2,3,2026-08-01
700925,SICRANO ZAMBONI,1984-08-04,MASCULINO,888339657836256,81655887298,(11) 94489-2546,0,2026-05-13 10:20:00,0,0,0001234567,ESF  1 ,2025-12-11,0001234567,ESF  1 ,1,2026-08-01
700926,FULANO DANTAS MARINHO,2024-02-10,MASCULINO,733011547150421,38712527191,(15) 99071-6518,0,2025-03-21 15:15:00,1,0,0001234568,ESF 2,,,,0,2026-08-01
700927,CICRANA ZAMBONI MARINHO,1964-08-28,FEMININO,712083843437238,19870239430,(14) 97285-3421,0,2026-04-12 10:10:00,0,0,0001234567,ESF  1 ,,,,0,2026-08-01
700928,BELTRANA ESTEVES DA CORDEIRO,1972-05-08,FEMININO,701439190395145,51286868506,(19) 93485-8666,0,2024-10-31 10:20:00,0,0,0001234570,ESF 4,2024-02-24,0001234570,ESF 4,0,2026-08-01
700929,CICRANO QUEIROZ SALGADO,1979-06-09,MASCULINO,839667465814895,40050402502,(19) 93065-7666,0,2025-12-01 10:10:00,0,0,0001234570,ESF 4,2024-01-22,0001234570,ESF 4,0,2026-08-01
700930,BELTRANO PORTELA ZAMBONI,1946-08-03,MASCULINO,867449152399196,00365431797,(16) 93607-3657,0,2025-05-14 13:50:00,0,0,0001234573,ESF 7,2025-03-05,0001234573,ESF 7,0,2026-08-01
700931,FULANA FURTADO DE LOUREIRO,1960-01-06,FEMININO,862437003386190,32020217709,(16) 91670-6727,0,2026-02-12 10:50:00,0,0,0001234571,ESF 5,2025-04-02,0001234571,ESF 5,0,2026-08-01
700932,CICRANA DA ALBUQUERQUE,2021-12-14,FEMININO,770822489130527,40441875506,(14) 93520-7892,0,2025-08-27 13:45:00,0,0,0001234570,ESF 4,2026-02-12,0001234570,ESF 4,1,2026-08-01
700933,CICRANA DOS NOVAES,1949-05-04,FEMININO,841642623567639,24679438798,(13) 93065-2337,0,2025-03-21 16:00:00,0,0,0001234572,ESF 5,2023-06-13,0001234572,ESF 5,0,2026-08-01
700934,BELTRANA VASCONCELOS DA SALGADO,1995-08-18,FEMININO,753113544376336,20098322801,(12) 96601-8277,0,2025-10-19 15:00:00,0,0,0001234567,ESF  1 ,2025-02-22,0001234567,ESF  1 ,0,2026-08-01
700935,CICRANO DA CORDEIRO,1988-05-08,MASCULINO,766217602321138,17654842351,(17) 98504-1814,0,2025-03-08 10:10:00,0,0,0001234570,ESF 4,2024-01-03,0001234570,ESF 4,0,2026-08-01
700936,BELTRANA DOS HUNGRIA,2000-11-02,FEMININO,896120180507774,60730653537,(13) 92969-2315,0,2024-12-25 09:20:00,0,0,0001234567,ESF  1 ,,,,0,2026-08-01
700937,SICRANO BITTENCOURT DA ESTEVES,1963-10-19,MASCULINO,818825347265439,42567280074,(16) 94664-7154,0,2026-07-13 16:20:00,0,0,0001234567,ESF  1 ,2024-09-23,0001234567,ESF  1 ,0,2026-08-01
700938,BELTRANA DE ORNELAS,1959-02-24,FEMININO,842632154343276,94001083036,(16) 94985-3868,0,2024-10-04 15:50:00,0,0,0001234569,ESF 3,2025-12-07,0001234569,ESF 3,2,2026-08-01
700939,CICRANA CORDEIRO DOS ORNELAS,2020-03-03,FEMININO,764504481839101,41065637200,(15) 92153-2605,0,2025-06-22 09:00:00,0,0,0001234571,ESF 5,2023-06-09,0001234571,ESF 5,0,2026-08-01
700940,CICRANO SAMPAIO DELGADO,2010-05-31,MASCULINO,743373060073153,46344415607,(17) 94561-6210,0,2026-07-12 09:50:00,0,0,0001234572,ESF 5,2025-09-09,0001234572,ESF 5,1,2026-08-01
700941,BELTRANO DE QUINTELA,2001-06-06,MASCULINO,804244136290290,58587519701,(19) 91466-7646,0,2026-07-16 14:45:00,0,0,0001234572,ESF 5,2025-12-03,0001234572,ESF 5,1,2026-08-01
700942,BELTRANO PEIXOTO REZENDE,1982-01-12,MASCULINO,839946572756839,22782946600,(11) 99187-5500,0,2025-04-10 08:00:00,0,0,0001234567,ESF  1 ,,,,0,2026-08-01
700943,SICRANA DE ORNELAS,1989-06-14,FEMININO,818816164383518,08712812286,(13) 94019-5707,0,2026-02-26 10:50:00,1,0,0001234569,ESF 3,2026-03-11,0001234569,ESF 3,3,2026-08-01
700944,CICRANA PORTELA FONTOURA,1939-08-02,FEMININO,874988682027013,40357853181,(18) 97350-1992,0,2025-11-11 09:40:00,0,0,0001234568,ESF 2,2026-03-07,0001234568,ESF 2,1,2026-08-01
700945,CICRANA CORDEIRO TEIXEIRA,1972-09-12,FEMININO,750770565719596,62629291261,(19) 95368-6047,0,2024-12-10 14:30:00,0,0,0001234569,ESF 3,2025-11-24,0001234569,ESF 3,2,2026-08-01
700946,BELTRANA DA HUNGRIA,1974-01-08,FEMININO,890642187288327,32265836380,(13) 93077-4574,0,2026-07-20 10:30:00,0,0,0001234573,ESF 7,2026-05-08,0001234573,ESF 7,2,2026-08-01
700947,BELTRANO JARDIM,1972-07-11,MASCULINO,868258607895678,53511596433,(12) 98606-6512,0,2024-10-25 11:20:00,0,0,0001234573,ESF 7,2024-10-10,0001234573,ESF 7,0,2026-08-01
700948,SICRANA REZENDE MESQUITA,1950-07-04,FEMININO,759986560943649,57372501807,(14) 92784-1259,0,2026-04-14 10:15:00,0,0,0001234567,ESF  1 ,2025-07-30,0001234567,ESF  1 ,0,2026-08-01
700949,FULANA LOUREIRO,1937-10-13,FEMININO,887403786384578,33279012016,(15) 98569-1592,0,2025-07-23 14:10:00,0,0,0001234572,ESF 5,2026-04-13,0001234572,ESF 5,1,2026-08-01
700950,BELTRANO MARINHO,2014-03-10,MASCULINO,759349677522470,88175891603,(16) 97066-2170,0,2025-05-03 14:30:00,0,0,0001234569,ESF 3,2025-05-27,0001234569,ESF 3,0,2026-08-01
700951,CICRANA DOS BANDEIRA,2001-04-11,FEMININO,831134506958115,68191361451,(19) 93285-5121,0,2026-07-16 16:40:00,0,0,0001234570,ESF 4,2026-01-28,0001234570,ESF 4,1,2026-08-01
700952,BELTRANO QUEIROZ TEIXEIRA,1953-08-05,MASCULINO,852675672004436,75253683845,(18) 93766-6016,0,2024-12-20 14:00:00,0,0,0001234568,ESF 2,2023-11-13,0001234568,ESF 2,0,2026-08-01
700953,SICRANO ESCOBAR SALGADO,1975-09-15,MASCULINO,830867902058120,34412535909,(12) 94121-4290,0,2026-01-11 16:40:00,0,0,0001234570,ESF 4,2025-10-02,0001234570,ESF 4,1,2026-08-01
700954,FULANA VALADARES,1940-06-21,FEMININO,744885524639406,60804554715,(18) 91558-1762,0,2025-02-05 12:40:00,0,0,0001234569,ESF 3,2024-04-30,0001234569,ESF 3,0,2026-08-01
700955,SICRANO BITTENCOURT DA CORDEIRO,2004-11-12,MASCULINO,852382430323327,89215928651,(19) 95330-8038,0,2025-06-07 12:15:00,1,0,0001234573,ESF 7,2024-05-29,0001234573,ESF 7,0,2026-08-01
700956,SICRANA SAMPAIO,2021-06-08,FEMININO,742705918580653,16659393545,(11) 97392-3129,0,2025-03-08 08:50:00,0,0,0001234569,ESF 3,,,,0,2026-08-01
700957,SICRANO DOS ESTEVES,1951-10-03,MASCULINO,750230425789331,34918781102,(15) 93180-4258,0,2024-09-21 15:15:00,0,0,0001234567,ESF  1 ,2024-01-28,0001234567,ESF  1 ,0,2026-08-01
700958,CICRANO MESQUITA DA SALGADO,1993-08-22,MASCULINO,780756206104670,37551108069,(16) 91603-4416,0,2025-03-02 15:10:00,0,0,0001234569,ESF 3,2026-04-29,0001234569,ESF 3,1,2026-08-01
700959,FULANA TEIXEIRA,2012-03-24,FEMININO,822193487441811,94754051000,(19) 99712-6944,0,2025-10-13 13:50:00,0,0,0001234572,ESF 5,2025-09-08,0001234572,ESF 5,1,2026-08-01
700960,BELTRANA ALBUQUERQUE DELGADO,1938-04-18,FEMININO,801130879219107,57752864057,(13) 97866-7081,0,2025-04-17 14:40:00,0,0,0001234571,ESF 5,2023-12-19,0001234571,ESF 5,0,2026-08-01
700961,BELTRANA DOS FONTOURA,1948-11-23,FEMININO,718708830972965,29447094296,(15) 98389-4333,0,2025-10-13 13:40:00,0,0,0001234568,ESF 2,2026-02-20,0001234568,ESF 2,3,2026-08-01
700962,SICRANO DOS XAVIER,1956-12-21,MASCULINO,721416367309954,53350329528,(13) 92703-1359,0,2026-05-07 09:45:00,0,0,0001234569,ESF 3,2023-08-25,0001234569,ESF 3,0,2026-08-01
700963,FULANA CORDEIRO DOS GALVAO,1969-02-27,FEMININO,818842857814819,07971111828,(16) 99632-9377,0,2026-02-24 11:40:00,0,0,0001234568,ESF 2,2023-02-02,0001234568,ESF 2,0,2026-08-01
700964,BELTRANA QUEIROZ DOS JARDIM,2000-06-05,FEMININO,838683512354904,16943003152,(18) 98658-4114,0,2026-03-19 12:30:00,0,0,0001234569,ESF 3,2023-07-05,0001234569,ESF 3,0,2026-08-01
700965,FULANO DA VASCONCELOS,1960-01-13,MASCULINO,859422831512268,74265298606,(15) 91312-3607,0,2025-12-18 10:40:00,0,0,0001234572,ESF 5,,,,0,2026-08-01
700966,SICRANO ZAMBONI DANTAS,2020-05-05,MASCULINO,762727364234811,25143541531,(13) 94010-4114,0,2026-07-29 12:40:00,1,0,0001234569,ESF 3,2025-05-30,0001234569,ESF 3,0,2026-08-01
700967,SICRANA ALBUQUERQUE DA QUEIROZ,1964-02-16,FEMININO,837889726926128,26555399407,(11) 94395-8836,0,2025-12-29 11:45:00,0,0,0001234567,ESF  1 ,2026-05-12,0001234567,ESF  1 ,2,2026-08-01
700968,FULANO QUEIROZ DA VALADARES,1975-03-10,MASCULINO,850581225744977,95724370469,(14) 99992-7946,0,2024-12-04 09:15:00,0,0,0001234570,ESF 4,2024-02-27,0001234570,ESF 4,0,2026-08-01
700969,SICRANA LACERDA DA MARINHO,1984-07-14,FEMININO,892421603669548,20555973884,(18) 99699-9851,0,2026-04-07 13:30:00,0,0,0001234567,ESF  1 ,2026-02-16,0001234567,ESF  1 ,1,2026-08-01
700970,BELTRANA CORDEIRO TEIXEIRA,1996-05-27,FEMININO,756237188439421,80596818182,(15) 94212-5113,0,2025-10-07 11:40:00,0,0,0001234567,ESF  1 ,2025-06-10,0001234567,ESF  1 ,0,2026-08-01
700971,SICRANO MARINHO,1956-03-24,MASCULINO,745740607748597,37435167054,(19) 93084-9003,0,2026-06-25 12:50:00,0,0,0001234567,ESF  1 ,,,,0,2026-08-01
700972,CICRANA ZAMBONI SAMPAIO,1994-06-11,FEMININO,872747313991172,02338078889,(17) 95818-1461,0,2024-12-31 12:40:00,0,0,0001234569,ESF 3,2022-09-09,0001234569,ESF 3,0,2026-08-01
700973,SICRANA DA TAVARES,1937-08-27,FEMININO,704467023698036,31969786567,(14) 96574-5464,0,2025-12-28 08:30:00,0,0,0001234567,ESF  1 ,2025-01-30,0001234567,ESF  1 ,0,2026-08-01
700974,SICRANO PORTELA DA SALGADO,2019-09-15,MASCULINO,866024127655040,48752369219,(16) 91335-6004,0,2026-03-28 08:00:00,0,0,0001234570,ESF 4,,,,0,2026-08-01
700975,FULANA VASCONCELOS SAMPAIO,1974-11-15,FEMININO,709168348352846,45809305505,(18) 96184-4406,0,2026-01-19 16:30:00,0,0,0001234567,ESF  1 ,2022-12-13,0001234567,ESF  1 ,0,2026-08-01
700976,BELTRANO FONTOURA ORNELAS,1979-02-06,MASCULINO,873739400746194,72559201799,(16) 95508-7095,0,2026-07-26 12:40:00,0,0,0001234568,ESF 2,2022-07-11,0001234568,ESF 2,0,2026-08-01
700977,SICRANA DA FONTOURA,2018-02-01,FEMININO,816299831160114,15049249164,(19) 93161-5657,0,2024-11-11 14:30:00,0,0,0001234568,ESF 2,2024-05-22,0001234568,ESF 2,0,2026-08-01
700978,BELTRANO DE DANTAS,1978-06-18,MASCULINO,888698672933117,66492885008,(12) 97121-3271,0,2025-09-14 10:40:00,0,0,0001234572,ESF 5,2024-10-03,0001234572,ESF 5,0,2026-08-01
700979,FULANA LOUREIRO DE ORNELAS,2009-08-04,FEMININO,889115574958139,67053961568,(14) 92802-5123,0,2025-12-13 16:50:00,0,0,0001234572,ESF 5,2024-03-01,0001234572,ESF 5,0,2026-08-01
700980,SICRANA ESTEVES,1953-04-17,FEMININO,734316581783795,75680821801,(12) 96518-1560,0,2026-02-17 16:45:00,1,0,0001234567,ESF  1 ,2025-01-10,0001234567,ESF  1 ,0,2026-08-01
700981,CICRANO JARDIM DOS QUEIROZ,1986-09-04,MASCULINO,882831519131321,85808212236,(16) 99875-9745,0,2025-10-13 09:20:00,0,0,0001234571,ESF 5,2026-05-16,0001234571,ESF 5,2,2026-08-01
700982,BELTRANA DA NOGUEIRA,2022-11-05,FEMININO,779151031201128,61606536444,(17) 93766-2898,0,2025-03-09 08:00:00,0,0,0001234572,ESF 5,2024-10-17,0001234572,ESF 5,0,2026-08-01
700983,CICRANO XAVIER DE NOVAES,1986-04-24,MASCULINO,791273806362704,25331844465,(15) 93774-5390,0,2025-02-14 11:45:00,0,0,0001234572,ESF 5,2024-05-11,0001234572,ESF 5,0,2026-08-01
700984,CICRANA NOVAES,1971-02-21,FEMININO,821570535486473,89400356821,(11) 94083-7561,0,2024-08-31 11:15:00,0,0,0001234567,ESF  1 ,2026-07-16,0001234567,ESF  1 ,2,2026-08-01
700985,FULANO DA BITTENCOURT,1999-02-27,MASCULINO,767529458825722,00391139909,(15) 95194-9017,0,2026-04-20 13:30:00,0,0,0001234570,ESF 4,2024-09-05,0001234570,ESF 4,0,2026-08-01
700986,BELTRANO FONTOURA MARINHO,1993-06-02,MASCULINO,730445134923429,28139138127,(11) 98951-1768,0,2026-02-18 08:10:00,0,0,0001234568,ESF 2,2025-07-06,0001234568,ESF 2,0,2026-08-01
700987,SICRANO DOS ESCOBAR,1995-08-17,MASCULINO,789666981806821,51199316777,(18) 96009-6316,0,2024-11-19 11:00:00,0,0,0001234568,ESF 2,2023-02-17,0001234568,ESF 2,0,2026-08-01
700988,BELTRANO GALVAO DE BITTENCOURT,1983-10-17,MASCULINO,885563167034956,04563778835,(11) 92014-1689,0,2026-06-09 13:10:00,0,0,0001234567,ESF  1 ,2025-03-26,0001234567,ESF  1 ,0,2026-08-01
700989,BELTRANA SALGADO DOS QUEIROZ,1991-07-11,FEMININO,823224896130489,46333871207,(14) 96946-6805,0,2025-06-11 11:00:00,0,0,0001234571,ESF 5,2023-09-11,0001234571,ESF 5,0,2026-08-01
700990,SICRANA HUNGRIA VALADARES,1988-02-28,FEMININO,775338430036664,72132831891,(14) 99658-4806,0,2025-07-01 12:00:00,0,0,0001234569,ESF 3,2026-04-16,0001234569,ESF 3,2,2026-08-01
700991,,1973-11-22,FEMININO,859505873698839,44230172614,(18) 99013-8566,0,2025-02-08 13:00:00,0,0,0001234570,ESF 4,2022-10-31,0001234570,ESF 4,0,2026-08-01
700992,BELTRANO CARVALHO QUEIROZ,1964-02-19,MASCULINO,880296653224623,28058287556,(15) 91389-4266,0,2026-03-30 16:00:00,0,0,0001234573,ESF 7,2025-11-22,0001234573,ESF 7,3,2026-08-01
700993,FULANO ALBUQUERQUE,1975-03-05,MASCULINO,741859512709240,94873660247,(15) 98287-9080,0,2026-03-08 08:00:00,0,0,0001234570,ESF 4,2022-11-11,0001234570,ESF 4,0,2026-08-01
700994,BELTRANA TEIXEIRA DA VALADARES,1960-06-15,FEMININO,777688154649884,76410442557,(16) 91335-5272,0,2025-08-22 10:30:00,1,0,0001234567,ESF  1 ,2026-03-08,0001234567,ESF  1 ,1,2026-08-01
700995,CICRANO CARVALHO DA VASCONCELOS,1958-04-21,MASCULINO,756854486083672,91005961833,(12) 93843-5154,0,2026-06-03 14:15:00,0,0,0001234569,ESF 3,2025-06-10,0001234569,ESF 3,0,2026-08-01
700996,SICRANA DE ESCOBAR,1994-09-03,FEMININO,860243735005197,62488667677,(17) 93510-1215,0,2024-09-01 12:10:00,0,0,0001234571,ESF 5,2023-04-17,0001234571,ESF 5,0,2026-08-01
700997,FULANA JARDIM DA VALADARES,1984-04-09,FEMININO,732164227415783,23636435427,(17) 99890-1266,0,2025-07-20 14:50:00,1,0,0001234570,ESF 4,2026-06-19,0001234570,ESF 4,2,2026-08-01
700998,BELTRANO HUNGRIA DA NOVAES,1950-02-23,MASCULINO,856838715054915,13803210501,(12) 92853-9669,0,2025-12-07 10:45:00,0,0,0001234567,ESF  1 ,,,,0,2026-08-01
700999,CICRANA ESCOBAR DA REZENDE,1956-09-03,FEMININO,734319009795765,80740875818,(17) 97090-8227,0,2025-11-18 09:10:00,0,0,0001234570,ESF 4,2025-06-10,0001234570,ESF 4,0,2026-08-01
701000,CICRANO ORNELAS,2023-02-25,MASCULINO,791766125281351,07194805902,(16) 93572-5599,0,2026-04-10 15:50:00,0,0,0001234573,ESF 7,2025-06-06,0001234573,ESF 7,0,2026-08-01
701001,FULANA PORTELA,1976-01-26,FEMININO,820849253188124,73050647699,(19) 91518-7664,0,2025-03-31 11:45:00,0,0,0001234573,ESF 7,2024-02-29,0001234573,ESF 7,0,2026-08-01
701002,SICRANA DOS BITTENCOURT,2014-10-11,FEMININO,818850146432810,83963744813,(17) 92043-9746,0,2026-06-01 11:40:00,0,0,0001234567,ESF  1 ,2025-09-28,0001234567,ESF  1 ,1,2026-08-01
701003,CICRANA GUIMARAES REZENDE,1993-04-01,FEMININO,859904761495239,88725589645,(11) 98758-4551,0,2025-04-15 16:30:00,0,0,0001234570,ESF 4,2024-04-20,0001234570,ESF 4,0,2026-08-01
701004,CICRANO ALBUQUERQUE XAVIER,1967-05-20,MASCULINO,867589953199259,42386413021,(18) 95708-8079,0,2025-10-06 09:20:00,0,0,0001234572,ESF 5,2023-02-05,0001234572,ESF 5,0,2026-08-01
701005,BELTRANA ALBUQUERQUE,1953-10-28,FEMININO,873946714585043,32638593827,(11) 93866-4278,0,2026-06-29 15:45:00,0,0,0001234568,ESF 2,2026-01-19,0001234568,ESF 2,1,2026-08-01
701006,BELTRANA ORNELAS VALADARES,2022-09-18,FEMININO,790365321328541,53317101408,(19) 93249-4229,0,2024-10-11 12:50:00,0,0,0001234570,ESF 4,2026-04-09,0001234570,ESF 4,2,2026-08-01
701007,BELTRANA DE CARVALHO,1969-03-03,FEMININO,748701846581318,35244369351,(15) 95808-3433,0,2026-01-08 09:10:00,0,0,0001234573,ESF 7,2026-06-13,0001234573,ESF 7,1,2026-08-01
701008,FULANO VALADARES DA SAMPAIO,1988-06-08,MASCULINO,704566897081034,78325773805,(19) 93887-6548,0,2025-08-30 13:40:00,0,0,0001234571,ESF 5,2025-01-05,0001234571,ESF 5,0,2026-08-01
701009,CICRANO TAVARES FONTOURA,1942-06-19,MASCULINO,850233564638979,90466656905,(11) 92878-7940,0,2025-10-09 16:45:00,1,0,0001234570,ESF 4,2026-02-21,0001234570,ESF 4,4,2026-08-01
701010,BELTRANA GALVAO,1940-01-17,FEMININO,892109317731100,20478067047,(16) 94956-5471,0,2025-06-09 10:10:00,1,0,0001234571,ESF 5,2026-03-26,0001234571,ESF 5,3,2026-08-01
701011,FULANA TAVARES MESQUITA,1987-11-05,FEMININO,791533166058372,68779900489,(14) 99379-2067,0,2025-04-13 12:00:00,0,0,0001234571,ESF 5,2026-06-23,0001234571,ESF 5,2,2026-08-01
701012,CICRANA FURTADO GUIMARAES,2004-09-03,FEMININO,746983662976402,68258468333,(12) 92198-3867,0,2025-11-13 11:30:00,0,0,0001234568,ESF 2,2025-12-03,0001234568,ESF 2,3,2026-08-01
701013,BELTRANO REZENDE CARVALHO,1999-04-14,MASCULINO,800756816837019,55246531059,(11) 91333-7470,0,2025-03-21 12:50:00,0,0,0001234572,ESF 5,2025-04-21,0001234572,ESF 5,0,2026-08-01
701014,CICRANO VASCONCELOS MESQUITA,1939-02-15,MASCULINO,717395744011243,74928886276,(16) 99291-7086,0,2026-07-01 08:30:00,0,0,0001234569,ESF 3,2025-11-19,0001234569,ESF 3,1,2026-08-01
701015,CICRANA GUIMARAES MESQUITA,1964-08-27,FEMININO,803325807678578,85899286670,(14) 98394-1344,0,2025-01-07 13:20:00,0,0,0001234571,ESF 5,2026-05-18,0001234571,ESF 5,1,2026-08-01
701016,,2015-01-06,MASCULINO,772275849288015,14806061388,(14) 98446-3082,0,2025-07-15 10:50:00,0,0,0001234569,ESF 3,2026-05-12,0001234569,ESF 3,1,2026-08-01
701017,CICRANA ORNELAS SALGADO,1990-01-21,FEMININO,735594699116154,15460464707,(11) 98953-9273,0,2026-07-20 08:30:00,0,0,0001234569,ESF 3,2024-02-01,0001234569,ESF 3,0,2026-08-01
701018,FULANA GUIMARAES DOS ESTEVES,2015-12-10,FEMININO,886920378621048,25979470094,(17) 95664-9574,0,2024-10-13 11:50:00,0,0,0001234572,ESF 5,2026-03-13,0001234572,ESF 5,2,2026-08-01
701019,BELTRANO MARINHO,1965-02-24,MASCULINO,839864040523013,85832647751,(19) 93097-7082,0,2026-05-17 12:15:00,0,0,0001234571,ESF 5,2025-09-16,0001234571,ESF 5,1,2026-08-01
701020,FULANA ZAMBONI DA TAVARES,1947-05-28,FEMININO,839953167919989,88534251488,(15) 91333-6297,0,2025-04-09 15:30:00,0,0,0001234569,ESF 3,2024-05-09,0001234569,ESF 3,0,2026-08-01
701021,TESTE PEC,1939-07-16,FEMININO,717204562020570,22629013929,(11) 94502-4926,0,2026-02-21 09:40:00,0,0,0001234571,ESF 5,2026-07-15,0001234571,ESF 5,2,2026-08-01
701022,CICRANA DELGADO DA MESQUITA,1943-11-04,FEMININO,892433286444880,46554000489,(13) 94688-4645,0,2026-07-29 13:15:00,0,0,0001234572,ESF 5,2025-09-18,0001234572,ESF 5,4,2026-08-01
701023,CICRANO SALGADO,1961-03-13,MASCULINO,863615652940516,69193688891,(18) 99336-6417,0,2025-10-30 13:00:00,0,0,0001234573,ESF 7,,,,0,2026-08-01
701024,SICRANA SALGADO DOS SAMPAIO,1981-04-26,FEMININO,770574035843876,19390201820,(15) 94245-9114,0,2026-04-18 09:00:00,0,0,0001234572,ESF 5,2024-02-16,0001234572,ESF 5,0,2026-08-01
701025,BELTRANO JARDIM FURTADO,1953-04-19,MASCULINO,795681732217326,87743172610,(19) 91862-4049,0,2024-12-15 10:10:00,0,0,0001234570,ESF 4,2023-02-16,0001234570,ESF 4,0,2026-08-01
701026,CICRANA ESCOBAR,2007-02-19,FEMININO,744974257968468,80443881333,(11) 93686-2973,0,2025-03-17 09:45:00,0,0,0001234567,ESF  1 ,2025-03-19,0001234567,ESF  1 ,0,2026-08-01
701027,SICRANO VALADARES DOS TAVARES,1960-07-01,MASCULINO,799545409611468,11845648928,(14) 94814-6657,0,2025-02-02 14:00:00,0,0,0001234572,ESF 5,2023-04-01,0001234572,ESF 5,0,2026-08-01
701028,BELTRANA XAVIER DOS ALBUQUERQUE,2012-08-07,FEMININO,870899161794664,86589310212,(11) 98235-9474,0,2025-02-23 09:50:00,0,0,0001234571,ESF 5,2023-06-18,0001234571,ESF 5,0,2026-08-01
701029,FULANA BITTENCOURT DOS HUNGRIA,1993-08-05,FEMININO,833802612216336,28948215222,(17) 92959-1331,0,2024-09-22 16:20:00,0,0,0001234573,ESF 7,2026-07-02,0001234573,ESF 7,1,2026-08-01
701030,BELTRANO DE DANTAS,1954-06-30,MASCULINO,722401732837841,43753468925,(11) 98744-9890,0,2025-04-03 10:00:00,0,0,0001234573,ESF 7,2025-10-14,0001234573,ESF 7,1,2026-08-01
701031,SICRANO BITTENCOURT DELGADO,1986-01-03,MASCULINO,817935826628500,24979248307,(18) 91794-9461,0,2025-09-20 16:15:00,0,0,0001234570,ESF 4,2025-01-29,0001234570,ESF 4,0,2026-08-01
701032,SICRANA MARINHO DA BITTENCOURT,1994-06-02,FEMININO,748111656297084,15042192361,(12) 92483-4694,0,2025-01-25 13:15:00,0,0,0001234570,ESF 4,2022-07-01,0001234570,ESF 4,0,2026-08-01
701033,FULANO VALADARES,2018-06-12,MASCULINO,834709474871386,26036164557,(18) 95267-4584,0,2025-07-18 12:10:00,0,0,0001234573,ESF 7,2023-01-15,0001234573,ESF 7,0,2026-08-01
701034,BELTRANA NOVAES,1985-01-22,FEMININO,843997494319488,26295019499,(13) 93840-4749,0,2025-08-22 08:15:00,0,0,0001234568,ESF 2,2025-07-10,0001234568,ESF 2,0,2026-08-01
701035,BELTRANA NOGUEIRA DE CARVALHO,1939-03-26,FEMININO,802543810715756,85342773891,(12) 96981-1074,0,2026-04-27 15:15:00,0,0,0001234569,ESF 3,2026-01-03,0001234569,ESF 3,3,2026-08-01
701036,SICRANA DE BANDEIRA,1944-06-13,FEMININO,703835263559846,90344386865,(14) 97742-9782,0,2024-12-24 08:15:00,0,0,0001234569,ESF 3,2025-09-22,0001234569,ESF 3,1,2026-08-01
701037,SICRANO XAVIER DE GUIMARAES,1984-06-25,MASCULINO,721524203546174,58921080156,(15) 95866-7666,0,2026-03-27 09:10:00,1,0,0001234572,ESF 5,2025-10-22,0001234572,ESF 5,1,2026-08-01
701038,SICRANA VASCONCELOS DA PORTELA,2002-09-16,FEMININO,835196787321305,92105741844,(18) 98641-9578,0,2026-05-23 12:10:00,0,0,0001234569,ESF 3,2025-02-16,0001234569,ESF 3,0,2026-08-01
701039,SICRANA ESTEVES DE TEIXEIRA,2009-09-19,FEMININO,773176240233672,64076745494,(17) 97857-6250,0,2025-01-01 11:40:00,0,0,0001234568,ESF 2,2025-07-24,0001234568,ESF 2,0,2026-08-01
701040,SICRANO BANDEIRA DOS VASCONCELOS,2023-01-26,MASCULINO,700654264980981,20349438723,(17) 91763-7513,0,2024-11-20 08:40:00,0,0,0001234573,ESF 7,2024-09-23,0001234573,ESF 7,0,2026-08-01
701041,BELTRANO REZENDE DOS HUNGRIA,1967-10-09,MASCULINO,772878554141682,54723719378,(19) 97160-8543,0,2025-08-07 12:45:00,1,0,0001234572,ESF 5,2024-12-05,0001234572,ESF 5,0,2026-08-01
701042,FULANO CORDEIRO,1971-01-17,MASCULINO,747872148008104,81138071367,(11) 95433-9102,0,2025-09-01 15:30:00,0,0,0001234568,ESF 2,2026-01-27,0001234568,ESF 2,2,2026-08-01
701043,CICRANO DOS ALBUQUERQUE,1991-07-22,MASCULINO,886352794098906,62544748835,(15) 91811-9044,0,2024-09-12 16:10:00,0,0,0001234573,ESF 7,2024-10-12,0001234573,ESF 7,0,2026-08-01
701044,FULANA FURTADO DE QUINTELA,1976-03-11,FEMININO,854988514701864,50919058397,(14) 98603-4027,0,2026-07-08 12:45:00,0,0,0001234571,ESF 5,2025-08-25,0001234571,ESF 5,1,2026-08-01
701045,CICRANO DA DELGADO,1977-04-04,MASCULINO,899499514498730,08307622647,(18) 99665-2057,0,2025-06-03 10:30:00,0,0,0001234570,ESF 4,2025-01-27,0001234570,ESF 4,0,2026-08-01
701046,SICRANO ESCOBAR DE BANDEIRA,1951-12-17,MASCULINO,839101682789566,11826799355,(16) 92815-7259,0,2024-11-04 10:10:00,0,0,0001234569,ESF 3,2024-09-01,0001234569,ESF 3,0,2026-08-01
701047,BELTRANA TAVARES DANTAS,1974-08-30,FEMININO,744657803066486,32483437452,(19) 95133-8473,0,2025-06-15 08:30:00,0,0,0001234573,ESF 7,2024-03-10,0001234573,ESF 7,0,2026-08-01
701048,CICRANA MESQUITA GUIMARAES,1981-10-16,FEMININO,899190646264948,93671865688,(12) 97110-3956,0,2025-07-05 16:30:00,0,0,0001234570,ESF 4,2024-12-28,0001234570,ESF 4,0,2026-08-01
701049,SICRANA DE XAVIER,1953-02-20,FEMININO,712523986306560,30776915666,(16) 95431-4107,0,2025-04-17 13:00:00,0,0,0001234571,ESF 5,2024-11-06,0001234571,ESF 5,0,2026-08-01
701050,BELTRANA VALADARES XAVIER,2002-09-15,FEMININO,817078859902656,39864639171,(16) 93391-8751,0,2025-01-17 16:50:00,0,0,0001234569,ESF 3,2024-08-13,0001234569,ESF 3,0,2026-08-01
701051,FULANA CORDEIRO DA PORTELA,2025-02-24,FEMININO,803123467064879,42802416511,(12) 94337-8504,0,2025-02-07 15:15:00,0,0,0001234570,ESF 4,2026-05-20,0001234570,ESF 4,2,2026-08-01
701052,CICRANO DE ORNELAS,2007-05-28,MASCULINO,741838834417156,61642323170,(15) 93508-4553,0,2025-10-04 12:20:00,0,0,0001234568,ESF 2,,,,0,2026-08-01
701053,BELTRANO NOVAES,1975-05-07,MASCULINO,866389124060012,59479911877,(18) 94157-4741,0,2026-05-13 08:15:00,0,0,0001234571,ESF 5,2024-10-20,0001234571,ESF 5,0,2026-08-01
701054,SICRANO ORNELAS,1988-02-21,MASCULINO,865917560639755,29351653499,(12) 92485-3807,0,2025-12-08 15:20:00,0,0,0001234572,ESF 5,2023-09-24,0001234572,ESF 5,0,2026-08-01
701055,BELTRANO DOS ESCOBAR,1948-12-21,MASCULINO,828911948785915,93209350419,(17) 94512-1760,0,2025-03-30 13:00:00,0,0,0001234568,ESF 2,2025-11-23,0001234568,ESF 2,3,2026-08-01
701056,BELTRANA ORNELAS QUINTELA,1952-02-08,FEMININO,757836742828454,05206840361,(19) 98698-6864,0,2026-05-22 09:40:00,0,0,0001234572,ESF 5,,,,0,2026-08-01
701057,CICRANA PORTELA DE TEIXEIRA,2023-06-02,FEMININO,805717775698810,32407202644,(18) 96259-7698,0,2026-03-31 16:30:00,0,0,0001234570,ESF 4,2024-12-10,0001234570,ESF 4,0,2026-08-01
701058,BELTRANO DE QUEIROZ,1953-02-07,MASCULINO,854309336850969,53756947433,(18) 97612-9617,0,2025-04-28 08:15:00,0,0,0001234569,ESF 3,2025-12-17,0001234569,ESF 3,3,2026-08-01
701059,PACIENTE SEM NOME,2014-02-18,FEMININO,781111666325242,51241566357,(16) 91352-7048,0,2025-04-29 15:50:00,0,0,0001234573,ESF 7,2024-07-02,0001234573,ESF 7,0,2026-08-01
701060,FULANO BITTENCOURT DA ZAMBONI,1971-09-21,MASCULINO,724920655309309,16059586709,(15) 97413-4709,0,2025-02-22 08:50:00,0,0,0001234570,ESF 4,,,,0,2026-08-01
701061,BELTRANO TEIXEIRA,1952-11-19,MASCULINO,834895848560140,98170660964,(18) 94187-6750,0,2025-08-24 09:40:00,0,0,0001234572,ESF 5,2026-05-23,0001234572,ESF 5,2,2026-08-01
701062,CICRANO DA UCHOA,1952-02-09,MASCULINO,828203238001693,08697338507,(15) 98775-5613,0,2026-04-27 14:20:00,0,0,0001234568,ESF 2,2024-09-15,0001234568,ESF 2,0,2026-08-01
701063,SICRANO VASCONCELOS DELGADO,1985-08-12,MASCULINO,771583132460219,98120937881,(17) 94702-6957,0,2026-01-29 15:20:00,0,0,0001234571,ESF 5,2024-06-15,0001234571,ESF 5,0,2026-08-01
701064,BELTRANA MESQUITA,2002-04-26,FEMININO,848161857154677,72413890182,(16) 99044-1144,0,2026-06-04 13:10:00,0,0,0001234573,ESF 7,,,,0,2026-08-01
701065,FULANO DA UCHOA,2005-09-24,MASCULINO,787347500828505,25086506256,(11) 93528-5343,0,2025-05-30 11:45:00,0,0,0001234570,ESF 4,2024-05-18,0001234570,ESF 4,0,2026-08-01
701066,FULANO UCHOA SAMPAIO,1981-06-30,MASCULINO,728761596815689,78236203167,(18) 99833-7481,0,2026-03-13 12:20:00,0,0,0001234572,ESF 5,,,,0,2026-08-01
701067,BELTRANA MARINHO DE MARINHO,1939-05-17,FEMININO,749121045090590,39656316160,(17) 92015-1564,0,2026-07-18 09:30:00,0,0,0001234568,ESF 2,2025-07-17,0001234568,ESF 2,0,2026-08-01
701068,SICRANO DA NOGUEIRA,1997-06-14,MASCULINO,756612091203430,30160253960,(15) 92770-5384,0,2025-04-06 13:20:00,0,0,0001234568,ESF 2,2026-05-10,0001234568,ESF 2,1,2026-08-01
701069,FULANA FURTADO MESQUITA,1999-12-05,FEMININO,802963719163704,17939279441,(13) 91164-8272,0,2026-06-10 13:15:00,0,0,0001234569,ESF 3,,,,0,2026-08-01
701070,CICRANA PEIXOTO ALBUQUERQUE,1936-11-27,FEMININO,706928480658016,18791785678,(13) 92482-5098,0,2026-02-20 11:40:00,0,0,0001234567,ESF  1 ,2023-10-02,0001234567,ESF  1 ,0,2026-08-01
701071,BELTRANA DE GUIMARAES,2007-10-04,FEMININO,891870269011912,56251279649,(14) 95673-2612,0,2025-11-08 09:40:00,0,0,0001234569,ESF 3,2026-02-20,0001234569,ESF 3,1,2026-08-01
701072,SICRANA DE VALADARES,1974-04-23,FEMININO,897061940624739,21740633793,(13) 96888-4395,0,2025-02-23 13:20:00,0,0,0001234571,ESF 5,,,,0,2026-08-01
701073,SICRANO REZENDE LOUREIRO,1944-04-04,MASCULINO,714773395312003,67739581802,(14) 95760-8969,0,2026-04-29 09:45:00,0,0,0001234570,ESF 4,2022-06-23,0001234570,ESF 4,0,2026-08-01
701074,SICRANA JARDIM DA FONTOURA,2006-01-31,FEMININO,877157352497345,77964988108,(14) 94567-9208,0,2025-10-12 10:40:00,0,0,0001234568,ESF 2,,,,0,2026-08-01
701075,CICRANO VASCONCELOS DOS NOVAES,1960-09-24,MASCULINO,718757761479978,74424500757,(18) 95543-8453,0,2025-08-31 10:45:00,0,0,0001234573,ESF 7,2025-02-23,0001234573,ESF 7,0,2026-08-01
701076,CICRANA TAVARES,1975-10-13,FEMININO,747142826547724,31328580645,(14) 93496-2123,1,2025-03-25 11:30:00,0,0,0001234572,ESF 5,2026-05-26,0001234572,ESF 5,2,2026-08-01
701077,BELTRANA DE PEIXOTO,2018-01-11,FEMININO,863599045992584,94674681155,(14) 92812-6466,0,2025-12-17 11:10:00,0,0,0001234570,ESF 4,2026-06-02,0001234570,ESF 4,1,2026-08-01
701078,CICRANO DA ORNELAS,1952-10-18,MASCULINO,781553908094413,91994618206,(15) 92807-1403,1,2024-10-19 10:10:00,0,0,0001234568,ESF 2,2025-03-30,0001234568,ESF 2,0,2026-08-01
701079,SICRANO NOVAES DE ALBUQUERQUE,2018-01-22,MASCULINO,887506905640535,84940185827,(16) 95393-8138,0,2024-09-06 11:10:00,0,0,0001234573,ESF 7,2025-10-21,0001234573,ESF 7,1,2026-08-01
701080,BELTRANO GUIMARAES NOVAES,1962-09-18,MASCULINO,839270344106751,36531680742,(18) 98806-3032,0,2024-12-13 11:10:00,0,0,0001234571,ESF 5,2022-12-18,0001234571,ESF 5,0,2026-08-01
701081,,1987-03-21,FEMININO,781838194540757,78566327048,(15) 97677-5250,0,2025-11-19 08:30:00,0,0,0001234567,ESF  1 ,2026-04-10,0001234567,ESF  1 ,1,2026-08-01
701082,CICRANA LOUREIRO BITTENCOURT,1958-08-18,FEMININO,810494142357163,09683930477,(18) 91692-8051,0,2026-04-16 11:00:00,0,0,0001234571,ESF 5,2024-02-12,0001234571,ESF 5,0,2026-08-01
701083,BELTRANO QUINTELA LACERDA,1985-10-31,MASCULINO,786952599178555,68399175685,(12) 99863-3543,0,2025-09-06 09:40:00,0,0,0001234571,ESF 5,2026-02-03,0001234571,ESF 5,1,2026-08-01
701084,CICRANO TAVARES DOS SAMPAIO,1984-03-29,MASCULINO,845979563120712,12764811951,(13) 95074-4510,0,2026-04-19 14:30:00,1,0,0001234567,ESF  1 ,2025-03-19,0001234567,ESF  1 ,0,2026-08-01
701085,CICRANO MARINHO,1980-03-24,MASCULINO,714892078290579,32548189032,(18) 97315-8819,0,2025-09-10 13:45:00,0,0,0001234572,ESF 5,2024-10-16,0001234572,ESF 5,0,2026-08-01
701086,SICRANO TAVARES DE CORDEIRO,1939-11-24,MASCULINO,857870240149835,55681408044,(17) 96241-1490,0,2026-01-16 12:10:00,0,0,0001234573,ESF 7,2026-03-20,0001234573,ESF 7,3,2026-08-01
701087,CICRANO ALBUQUERQUE DA QUEIROZ,2020-01-14,MASCULINO,729093284890626,62409569103,(16) 97289-6547,0,2025-05-29 11:30:00,0,0,0001234573,ESF 7,2026-04-28,0001234573,ESF 7,3,2026-08-01
701088,BELTRANO TEIXEIRA,1990-07-22,MASCULINO,739835279614522,50520367015,(18) 98721-6504,0,2024-09-08 14:00:00,0,0,0001234567,ESF  1 ,,,,0,2026-08-01
701089,FULANA DOS ESTEVES,1979-10-03,FEMININO,740021828820911,20817871480,(11) 92588-8146,0,2026-07-31 15:30:00,0,0,0001234567,ESF  1 ,2025-11-17,0001234567,ESF  1 ,1,2026-08-01
701090,FULANO QUINTELA DOS GUIMARAES,1967-07-31,MASCULINO,868486074866376,54976638341,(16) 91538-3559,0,2025-10-29 11:20:00,1,0,0001234570,ESF 4,2025-10-17,0001234570,ESF 4,3,2026-08-01
701091,CICRANA NOVAES ALBUQUERQUE,1969-04-27,FEMININO,719440597531476,88812265376,(13) 96721-2966,0,2025-12-24 13:15:00,0,0,0001234573,ESF 7,2026-06-21,0001234573,ESF 7,2,2026-08-01
701092,FULANO QUINTELA DA XAVIER,1990-04-26,MASCULINO,843101584526406,87524532432,(19) 94418-2608,0,2026-05-01 15:50:00,0,0,0001234568,ESF 2,2025-10-07,0001234568,ESF 2,1,2026-08-01
701093,SICRANO LACERDA,2014-06-17,MASCULINO,855693229119766,35277390171,(12) 93177-9934,0,2025-03-17 13:40:00,0,0,0001234572,ESF 5,2022-07-05,0001234572,ESF 5,0,2026-08-01
701094,BELTRANO ESCOBAR FONTOURA,1966-01-05,MASCULINO,837010991307517,15628634019,(16) 95228-4757,0,2025-03-14 08:45:00,0,0,0001234568,ESF 2,2025-02-20,0001234568,ESF 2,0,2026-08-01
701095,CICRANO SAMPAIO DA FONTOURA,2013-03-15,MASCULINO,802156206482192,01596525291,(17) 94333-9208,0,2025-07-27 09:20:00,0,0,0001234567,ESF  1 ,,,,0,2026-08-01
701096,BELTRANO UCHOA,2009-07-13,MASCULINO,743385031316194,83319599497,(12) 93514-7148,0,2025-11-02 12:50:00,1,0,0001234568,ESF 2,2026-04-24,0001234568,ESF 2,1,2026-08-01
701097,BELTRANO BANDEIRA,2018-05-01,MASCULINO,857601854587703,90100259180,(17) 98172-8664,0,2024-10-15 16:45:00,0,0,0001234572,ESF 5,2023-02-13,0001234572,ESF 5,0,2026-08-01
701098,FULANA DA LACERDA,1985-01-05,FEMININO,878573454840770,66579865211,(18) 91671-5793,0,2025-10-24 11:30:00,0,0,0001234569,ESF 3,2025-03-26,0001234569,ESF 3,0,2026-08-01
701099,SICRANO ALBUQUERQUE DA TAVARES,1953-05-16,MASCULINO,875808963541324,47502855441,(16) 93483-5575,0,2026-01-03 09:20:00,0,0,0001234567,ESF  1 ,,,,0,2026-08-01
701100,SICRANA ALBUQUERQUE,2001-10-25,FEMININO,778832216197152,77042329598,(18) 91003-7779,0,2026-06-12 12:10:00,0,0,0001234567,ESF  1 ,2024-09-07,0001234567,ESF  1 ,0,2026-08-01
701101,FULANO ORNELAS DE PEIXOTO,1970-03-06,MASCULINO,729845380592229,00542394198,(14) 93499-8123,0,2025-11-28 12:10:00,0,0,0001234570,ESF 4,2026-05-04,0001234570,ESF 4,1,2026-08-01
701102,SICRANO CORDEIRO MESQUITA,2010-10-22,MASCULINO,878691966209813,79114055491,(12) 95119-1432,0,2025-02-26 12:10:00,0,0,0001234573,ESF 7,2024-10-26,0001234573,ESF 7,0,2026-08-01
701103,CICRANA QUEIROZ CARVALHO,1983-10-12,FEMININO,784718726509382,10295772698,(15) 97852-9677,1,2025-11-16 10:10:00,1,0,0001234568,ESF 2,2025-06-03,0001234568,ESF 2,0,2026-08-01
701104,FULANO DOS VALADARES,1962-04-08,MASCULINO,722956735882364,66556595404,(16) 97778-7904,0,2025-03-21 15:00:00,0,0,0001234571,ESF 5,2026-07-03,0001234571,ESF 5,2,2026-08-01
701105,BELTRANO DE JARDIM,1948-12-17,MASCULINO,745926148184722,48663297506,(19) 91189-3764,0,2025-06-29 13:15:00,0,0,0001234571,ESF 5,2022-12-21,0001234571,ESF 5,0,2026-08-01
701106,BELTRANA DOS QUEIROZ,1978-07-06,FEMININO,832485283556069,80372155716,(11) 99644-5570,0,2025-06-11 15:20:00,0,0,0001234573,ESF 7,2026-07-21,0001234573,ESF 7,1,2026-08-01
701107,SICRANO ZAMBONI DE UCHOA,2009-05-20,MASCULINO,735249954704134,45051372521,(13) 94950-9907,0,2026-07-18 15:45:00,0,0,0001234569,ESF 3,2025-09-22,0001234569,ESF 3,1,2026-08-01
701108,CICRANO LOUREIRO XAVIER,1984-12-05,MASCULINO,876591563628895,84937552571,(18) 95373-6580,0,2024-09-21 16:10:00,0,0,0001234573,ESF 7,2025-01-17,0001234573,ESF 7,0,2026-08-01
701109,BELTRANO LACERDA,1938-11-26,MASCULINO,779184974995783,38433233999,(12) 98482-3386,0,2025-07-15 14:20:00,0,0,0001234572,ESF 5,,,,0,2026-08-01
701110,BELTRANA DELGADO,1993-10-03,FEMININO,781250023634210,14542970265,(11) 95061-9272,0,2025-10-14 09:15:00,0,0,0001234568,ESF 2,2023-10-19,0001234568,ESF 2,0,2026-08-01
701111,CICRANO JARDIM,2018-08-15,MASCULINO,873469155624475,34459308640,(18) 91580-7496,0,2025-10-18 10:00:00,0,0,0001234567,ESF  1 ,2026-05-08,0001234567,ESF  1 ,1,2026-08-01
701112,CICRANA ZAMBONI UCHOA,1993-06-13,FEMININO,808564613439681,14780138770,(19) 94704-8746,0,2024-10-24 10:10:00,1,0,0001234569,ESF 3,2026-07-21,0001234569,ESF 3,2,2026-08-01
701113,SICRANA DANTAS,1985-10-09,FEMININO,803613294811743,75503944900,(18) 98436-1204,0,2024-10-18 16:15:00,0,0,0001234570,ESF 4,2022-09-11,0001234570,ESF 4,0,2026-08-01
701114,CICRANO PEIXOTO,1937-09-06,MASCULINO,757009645592740,24439638105,(17) 91600-5996,0,2026-04-14 10:45:00,1,0,0001234572,ESF 5,2024-02-29,0001234572,ESF 5,0,2026-08-01
701115,CICRANO ZAMBONI,1992-12-14,MASCULINO,723506808632495,25497227873,(11) 91066-1139,0,2025-10-18 15:10:00,0,0,0001234567,ESF  1 ,2024-08-30,0001234567,ESF  1 ,0,2026-08-01
701116,BELTRANO MESQUITA DOS SALGADO,1965-12-16,MASCULINO,884633363597760,57247511606,(14) 96680-4228,0,2024-10-23 08:00:00,1,0,0001234569,ESF 3,2025-04-02,0001234569,ESF 3,0,2026-08-01
701117,BELTRANA DOS FONTOURA,1937-01-21,FEMININO,739874991009304,59852862821,(12) 95703-7482,0,2024-10-09 12:10:00,0,0,0001234569,ESF 3,,,,0,2026-08-01
701118,CICRANO TAVARES,1983-03-24,MASCULINO,752457957719183,01626157368,(15) 95511-2351,0,2026-04-07 16:45:00,0,0,0001234567,ESF  1 ,2025-10-06,0001234567,ESF  1 ,1,2026-08-01
701119,SICRANO DA JARDIM,2012-07-20,MASCULINO,768767694854663,80134681356,(12) 95995-6645,0,2025-04-25 10:00:00,0,0,0001234571,ESF 5,2025-09-02,0001234571,ESF 5,1,2026-08-01
701120,SICRANA DOS VALADARES,1981-12-18,FEMININO,891448025376152,86350713959,(15) 91205-7955,0,2025-08-24 08:50:00,0,0,0001234568,ESF 2,2026-05-15,0001234568,ESF 2,3,2026-08-01
701121,SICRANO DA HUNGRIA,1938-02-01,MASCULINO,888194664606462,31382450649,(17) 93531-8315,0,2025-10-04 13:15:00,0,0,0001234573,ESF 7,2024-03-02,0001234573,ESF 7,0,2026-08-01
701122,FULANO QUEIROZ JARDIM,1981-07-28,MASCULINO,852325698633778,17236908488,(17) 94703-1797,0,2024-10-30 11:15:00,0,0,0001234573,ESF 7,2024-08-30,0001234573,ESF 7,0,2026-08-01
701123,SICRANA HUNGRIA CARVALHO,2007-03-17,FEMININO,864291557280211,12368331981,(18) 91965-8089,0,2025-04-07 15:00:00,0,0,0001234568,ESF 2,2022-11-19,0001234568,ESF 2,0,2026-08-01
701124,FULANO BITTENCOURT SALGADO,1964-02-05,MASCULINO,816499988772463,84403066527,(11) 93178-8811,0,2026-05-31 13:15:00,0,0,0001234572,ESF 5,2025-03-24,0001234572,ESF 5,0,2026-08-01
701125,CICRANO DOS SALGADO,1990-01-12,MASCULINO,739119438949953,39182550183,(14) 93221-7045,0,2024-12-13 16:45:00,1,0,0001234573,ESF 7,2025-06-22,0001234573,ESF 7,0,2026-08-01
701126,CICRANA NOGUEIRA SAMPAIO,1986-10-28,FEMININO,797582220347958,08492215799,(15) 94221-7984,0,2025-03-13 09:45:00,0,0,0001234569,ESF 3,2024-02-14,0001234569,ESF 3,0,2026-08-01
701127,BELTRANO DA CARVALHO,1982-12-25,MASCULINO,753751373737498,85619064990,(18) 91832-8013,0,2024-10-09 14:50:00,0,0,0001234570,ESF 4,2024-02-22,0001234570,ESF 4,0,2026-08-01
701128,CICRANO VASCONCELOS DA GUIMARAES,1946-06-29,MASCULINO,732200320598581,21493584252,(13) 97082-2720,0,2026-04-03 12:50:00,0,0,0001234568,ESF 2,2024-10-17,0001234568,ESF 2,0,2026-08-01
701129,SICRANO UCHOA DE GUIMARAES,1940-07-20,MASCULINO,718883548308582,98153929136,(11) 96219-9277,0,2025-10-20 09:40:00,0,0,0001234567,ESF  1 ,2025-07-18,0001234567,ESF  1 ,0,2026-08-01
701130,BELTRANO DA CARVALHO,1997-02-14,MASCULINO,739234964650045,00476830231,(12) 95589-4299,0,2025-05-29 10:20:00,0,0,0001234568,ESF 2,2026-01-09,0001234568,ESF 2,2,2026-08-01
701131,SICRANA ESTEVES,1956-01-06,FEMININO,753398459009142,61058284623,(14) 98289-8674,0,2026-04-15 14:50:00,0,0,0001234568,ESF 2,2025-11-07,0001234568,ESF 2,1,2026-08-01
701132,CICRANA REZENDE MESQUITA,1979-07-06,FEMININO,864945561733762,75048338350,(11) 91599-7358,0,2025-04-29 09:15:00,0,0,0001234569,ESF 3,2025-01-17,0001234569,ESF 3,0,2026-08-01
701133,CICRANO UCHOA DE VASCONCELOS,2021-12-15,MASCULINO,822923350244389,47116248481,(14) 99418-8327,0,2025-01-23 16:30:00,1,0,0001234567,ESF  1 ,2022-07-03,0001234567,ESF  1 ,0,2026-08-01
701134,FULANO SALGADO DOS GALVAO,1993-12-22,MASCULINO,840847222837368,63508958273,(12) 96118-6666,0,2026-06-06 14:40:00,0,0,0001234572,ESF 5,2024-06-12,0001234572,ESF 5,0,2026-08-01
701135,FULANA SAMPAIO,1983-08-07,FEMININO,706153956416856,85125316068,(15) 95809-9115,0,2026-02-07 08:50:00,0,0,0001234571,ESF 5,2024-07-07,0001234571,ESF 5,0,2026-08-01
701136,SICRANO VALADARES MARINHO,2002-08-08,MASCULINO,862147907184587,89544524348,(19) 96196-8108,0,2026-04-22 10:20:00,0,0,0001234569,ESF 3,2026-06-03,0001234569,ESF 3,1,2026-08-01
701137,SICRANA DE ALBUQUERQUE,1967-03-05,FEMININO,771903029241291,48518185727,(17) 93822-7254,0,2025-07-28 09:30:00,0,0,0001234569,ESF 3,2026-07-04,0001234569,ESF 3,1,2026-08-01
701138,SICRANA CARVALHO DOS QUINTELA,1956-06-16,FEMININO,874327507288379,38117856728,(15) 97066-9362,0,2026-05-11 10:00:00,0,0,0001234569,ESF 3,2025-02-16,0001234569,ESF 3,0,2026-08-01
701139,FULANO BANDEIRA,1968-11-13,MASCULINO,758254997281091,27690000399,(13) 94376-2076,0,2024-10-23 10:50:00,0,0,0001234572,ESF 5,2024-12-24,0001234572,ESF 5,0,2026-08-01
701140,FULANO VASCONCELOS,1949-11-28,MASCULINO,793759243716911,29773097561,(12) 92619-8298,0,2025-09-18 08:50:00,0,0,0001234571,ESF 5,2025-03-27,0001234571,ESF 5,0,2026-08-01
701141,BELTRANO NOGUEIRA DE QUINTELA,1975-07-24,MASCULINO,767677071606867,59888016921,(12) 96898-6164,0,2025-05-01 13:40:00,0,0,0001234568,ESF 2,2022-08-21,0001234568,ESF 2,0,2026-08-01
701142,SICRANA DE CARVALHO,2017-09-14,FEMININO,805448330896474,72800869934,(12) 99755-4620,0,2024-09-02 15:00:00,0,0,0001234572,ESF 5,2026-05-30,0001234572,ESF 5,4,2026-08-01
701143,CICRANA TEIXEIRA,1975-03-14,FEMININO,839113667479050,76694971304,(17) 97926-2286,0,2025-02-06 16:20:00,0,0,0001234568,ESF 2,2024-08-21,0001234568,ESF 2,0,2026-08-01
701144,CICRANO SAMPAIO DOS NOVAES,1992-01-17,MASCULINO,788592401553509,46429972969,(19) 91695-8374,0,2025-01-06 12:15:00,0,0,0001234570,ESF 4,2025-08-11,0001234570,ESF 4,1,2026-08-01
701145,FULANO ALBUQUERQUE MARINHO,1963-01-02,MASCULINO,748400734633427,61916486933,(16) 91670-1099,0,2025-12-09 10:10:00,1,0,0001234568,ESF 2,2024-06-05,0001234568,ESF 2,0,2026-08-01
701146,CICRANO ALBUQUERQUE FURTADO,1975-02-14,MASCULINO,795922167978024,94325926934,(15) 94680-6512,0,2024-09-17 10:50:00,0,0,0001234572,ESF 5,2024-05-11,0001234572,ESF 5,0,2026-08-01
701147,BELTRANO DE CORDEIRO,1937-06-09,MASCULINO,833352760845169,61561284760,(18) 92989-6310,0,2026-01-30 14:00:00,0,0,0001234567,ESF  1 ,2026-05-05,0001234567,ESF  1 ,5,2026-08-01
701148,CICRANO QUINTELA TAVARES,1944-12-29,MASCULINO,725913703474978,72099244422,(17) 97228-6230,0,2025-07-03 14:30:00,0,0,0001234571,ESF 5,2026-04-10,0001234571,ESF 5,1,2026-08-01
701149,FULANA TAVARES DE REZENDE,2017-11-20,FEMININO,872382088772784,69392962470,(16) 93161-2329,0,2026-01-21 16:20:00,0,0,0001234571,ESF 5,2023-02-02,0001234571,ESF 5,0,2026-08-01
701150,BELTRANA GUIMARAES DA ESCOBAR,1952-12-03,FEMININO,737623075212207,83189440621,(14) 96570-5396,0,2026-04-23 15:40:00,0,0,0001234571,ESF 5,2023-08-19,0001234571,ESF 5,0,2026-08-01
701151,BELTRANO ALBUQUERQUE,1943-04-08,MASCULINO,872307978506171,95585088450,(16) 94523-8040,0,2026-01-24 16:40:00,0,0,0001234567,ESF  1 ,2022-09-09,0001234567,ESF  1 ,0,2026-08-01
701152,SICRANO ZAMBONI NOVAES,1963-10-27,MASCULINO,825864764930769,56103474834,(14) 99644-7126,0,2025-05-05 09:00:00,0,0,0001234571,ESF 5,2024-01-24,0001234571,ESF 5,0,2026-08-01
701153,FULANA REZENDE MARINHO,1939-11-29,FEMININO,878970813738425,36844559381,(16) 98613-9787,0,2025-07-13 10:30:00,0,0,0001234568,ESF 2,2026-03-06,0001234568,ESF 2,1,2026-08-01
701154,BELTRANO DOS FURTADO,1978-10-17,MASCULINO,806400109958805,36844739525,(15) 91812-3245,0,2025-11-15 14:30:00,0,0,0001234569,ESF 3,2025-06-21,0001234569,ESF 3,0,2026-08-01
701155,FULANA PEIXOTO,1967-04-14,FEMININO,780808150932707,39003794244,(16) 91927-8383,0,2026-07-10 10:30:00,0,0,0001234573,ESF 7,2025-12-08,0001234573,ESF 7,2,2026-08-01
701156,BELTRANO DOS DELGADO,1949-08-10,MASCULINO,776745643647243,18468895297,(13) 99230-3779,0,2025-02-05 16:15:00,0,0,0001234572,ESF 5,2026-02-24,0001234572,ESF 5,4,2026-08-01
701157,FULANA LACERDA PORTELA,1952-08-19,FEMININO,848136925597374,60308152027,(16) 92878-7581,0,2026-04-29 15:50:00,0,0,0001234567,ESF  1 ,2025-04-18,0001234567,ESF  1 ,0,2026-08-01
701158,BELTRANO DA NOVAES,1957-06-27,MASCULINO,843520429684688,29183183966,(11) 92953-9918,0,2024-12-03 09:10:00,0,0,0001234568,ESF 2,2022-08-20,0001234568,ESF 2,0,2026-08-01
701159,SICRANA PEIXOTO,2013-10-01,FEMININO,712902747025605,77884046327,(11) 92929-6602,0,2026-03-21 10:10:00,0,0,0001234571,ESF 5,2024-04-30,0001234571,ESF 5,0,2026-08-01
701160,BELTRANA QUEIROZ ESTEVES,1962-09-12,FEMININO,889390891029531,66724483141,(17) 92965-4426,0,2025-12-02 11:45:00,0,0,0001234567,ESF  1 ,2024-11-26,0001234567,ESF  1 ,0,2026-08-01
701161,SICRANA FURTADO QUEIROZ,1990-11-21,FEMININO,888000389608337,26477371007,(17) 97830-8079,0,2024-10-03 13:20:00,0,0,0001234569,ESF 3,2024-01-22,0001234569,ESF 3,0,2026-08-01
701162,FULANO LACERDA DE QUEIROZ,2007-11-28,MASCULINO,803310036645833,67914753158,(13) 95451-9384,0,2025-11-10 09:15:00,0,0,0001234570,ESF 4,2026-03-02,0001234570,ESF 4,1,2026-08-01
701163,BELTRANO FONTOURA DE ESCOBAR,1955-09-13,MASCULINO,752123793704391,90902572769,(14) 98272-3931,0,2025-05-31 16:10:00,0,0,0001234571,ESF 5,2026-01-31,0001234571,ESF 5,1,2026-08-01
701164,SICRANA UCHOA DA GALVAO,1980-02-22,FEMININO,741431706586075,66927895915,(13) 98628-4294,0,2026-06-28 11:40:00,1,0,0001234567,ESF  1 ,2022-12-23,0001234567,ESF  1 ,0,2026-08-01
701165,BELTRANA CARVALHO,1978-06-06,FEMININO,895179360729917,56308934241,(19) 95143-9634,0,2025-11-24 15:20:00,0,0,0001234573,ESF 7,2025-01-11,0001234573,ESF 7,0,2026-08-01
701166,CICRANO SALGADO DOS UCHOA,1987-03-01,MASCULINO,856593507711018,38527127009,(19) 98657-8694,0,2024-09-28 09:10:00,0,0,0001234569,ESF 3,2026-07-22,0001234569,ESF 3,2,2026-08-01
701167,FULANO DANTAS DE ZAMBONI,1956-01-30,MASCULINO,876419412700222,38337075857,(15) 92753-6363,0,2025-11-24 09:10:00,0,0,0001234572,ESF 5,2024-12-01,0001234572,ESF 5,0,2026-08-01
701168,SICRANO ALBUQUERQUE,1981-08-26,MASCULINO,852471145734033,64697422628,(11) 93081-6594,0,2024-12-10 08:40:00,0,0,0001234571,ESF 5,,,,0,2026-08-01
701169,BELTRANA CARVALHO DA QUINTELA,1960-08-03,FEMININO,767491515634022,57761227242,(12) 92415-3196,0,2025-10-13 13:15:00,0,0,0001234569,ESF 3,2026-01-04,0001234569,ESF 3,1,2026-08-01
701170,SICRANO DELGADO,2010-04-11,MASCULINO,775438529969808,52471139851,(17) 98584-5277,0,2024-09-17 10:20:00,0,0,0001234573,ESF 7,2025-09-14,0001234573,ESF 7,1,2026-08-01
701171,CICRANO PORTELA DE LACERDA,2000-07-09,MASCULINO,705689793008254,03676435291,(13) 99183-8069,0,2026-05-21 16:20:00,1,0,0001234571,ESF 5,2024-01-18,0001234571,ESF 5,0,2026-08-01
701172,BELTRANA PEIXOTO,2006-06-18,FEMININO,733251998398466,96116497706,(17) 98753-2996,0,2024-12-09 10:50:00,0,0,0001234572,ESF 5,2024-03-09,0001234572,ESF 5,0,2026-08-01
701173,BELTRANA VASCONCELOS,1958-11-04,FEMININO,811395709684441,13021497846,(11) 94606-2902,0,2026-01-22 08:50:00,0,0,0001234572,ESF 5,2022-10-24,0001234572,ESF 5,0,2026-08-01
701174,BELTRANO DE JARDIM,1937-04-23,MASCULINO,898144635782804,96843304487,(13) 98324-9334,0,2025-10-21 08:20:00,0,0,0001234568,ESF 2,2026-02-15,0001234568,ESF 2,1,2026-08-01
701175,FULANA BITTENCOURT,1974-02-16,FEMININO,727608426006284,68404831425,(11) 92471-4191,0,2025-06-05 09:40:00,0,0,0001234572,ESF 5,2024-06-26,0001234572,ESF 5,0,2026-08-01
701176,FULANA LACERDA,1993-12-26,FEMININO,744369593965751,93800271843,(12) 93947-9724,0,2025-12-10 14:15:00,0,0,0001234567,ESF  1 ,2024-12-27,0001234567,ESF  1 ,0,2026-08-01
701177,SICRANA DA DANTAS,1999-06-24,FEMININO,711876719432135,76621905875,(17) 92427-6809,0,2024-12-16 12:30:00,0,0,0001234567,ESF  1 ,2023-08-23,0001234567,ESF  1 ,0,2026-08-01
701178,BELTRANO REZENDE TEIXEIRA,1936-12-06,MASCULINO,896821863496119,44138786202,(11) 99437-9638,0,2026-06-20 13:00:00,0,0,0001234572,ESF 5,2026-06-29,0001234572,ESF 5,4,2026-08-01
701179,SICRANA DE VALADARES,1964-10-29,FEMININO,724290196438644,25818921965,(14) 99596-2859,0,2025-02-18 14:15:00,0,0,0001234572,ESF 5,,,,0,2026-08-01
701180,FULANA DELGADO CARVALHO,2016-04-04,FEMININO,853634725346971,90893472086,(11) 98203-6559,0,2025-10-25 09:00:00,0,0,0001234573,ESF 7,2024-06-28,0001234573,ESF 7,0,2026-08-01
701181,FULANA DE XAVIER,1961-06-12,FEMININO,740946109933762,01199898679,(18) 98541-2934,0,2025-04-04 16:00:00,1,0,0001234571,ESF 5,2024-09-13,0001234571,ESF 5,0,2026-08-01
701182,BELTRANA DANTAS DOS BANDEIRA,1958-02-05,FEMININO,752919819231684,87783475303,(16) 93686-4181,0,2026-02-21 08:10:00,0,0,0001234573,ESF 7,2026-01-17,0001234573,ESF 7,1,2026-08-01
701183,CICRANO PEIXOTO DOS SALGADO,1991-02-05,MASCULINO,762992038882297,44505685404,(16) 97714-1498,0,2024-12-03 13:20:00,0,0,0001234569,ESF 3,2025-11-30,0001234569,ESF 3,1,2026-08-01
701184,CICRANO DOS SAMPAIO,1942-07-24,MASCULINO,790103982981107,56659781677,(18) 98499-3553,0,2025-02-10 08:45:00,0,0,0001234568,ESF 2,2023-09-10,0001234568,ESF 2,0,2026-08-01
701185,FULANA REZENDE DA VALADARES,1991-08-27,FEMININO,830205067706990,03771742383,(11) 98650-5302,0,2024-10-29 15:30:00,0,0,0001234571,ESF 5,2026-05-19,0001234571,ESF 5,1,2026-08-01
701186,CICRANO ALBUQUERQUE,1962-04-09,MASCULINO,831617931272627,23435864894,(19) 92303-5497,0,2025-01-28 11:10:00,0,0,0001234570,ESF 4,2025-05-25,0001234570,ESF 4,0,2026-08-01
701187,BELTRANA GALVAO,1984-03-30,FEMININO,787008885140686,61847525025,(17) 98667-6146,0,2024-11-13 14:30:00,1,0,0001234573,ESF 7,2024-08-15,0001234573,ESF 7,0,2026-08-01
701188,CICRANA DE ESCOBAR,2024-01-08,FEMININO,849675214298952,96520487041,(16) 91042-8030,0,2024-12-23 12:30:00,0,0,0001234567,ESF  1 ,2023-07-12,0001234567,ESF  1 ,0,2026-08-01
701189,FULANO TEIXEIRA DE CORDEIRO,1957-08-10,MASCULINO,785886901165707,33725320072,(19) 96133-1793,0,2025-09-14 09:50:00,0,0,0001234568,ESF 2,,,,0,2026-08-01
701190,CICRANO ZAMBONI JARDIM,1982-09-28,MASCULINO,772515415933665,15704906436,(12) 94715-2664,0,2025-11-14 10:45:00,0,0,0001234571,ESF 5,2026-03-25,0001234571,ESF 5,2,2026-08-01
701191,CICRANO GALVAO,2023-02-05,MASCULINO,871011861746534,38552836131,(16) 94539-3689,0,2025-10-07 14:10:00,1,0,0001234572,ESF 5,,,,0,2026-08-01
701192,CICRANA VALADARES DA GUIMARAES,1938-06-16,FEMININO,847017472178836,73520695856,(18) 96378-3109,0,2025-02-21 14:20:00,0,0,0001234568,ESF 2,2026-01-06,0001234568,ESF 2,1,2026-08-01
701193,SICRANA ESCOBAR,1954-07-02,FEMININO,816870816278694,68576193958,(16) 92412-5680,0,2026-04-17 10:45:00,0,0,0001234573,ESF 7,2022-08-06,0001234573,ESF 7,0,2026-08-01
701194,SICRANA DELGADO VALADARES,1942-09-03,FEMININO,861709296839459,52190001286,(15) 91176-9119,0,2024-12-09 09:30:00,0,0,0001234573,ESF 7,2024-08-14,0001234573,ESF 7,0,2026-08-01
701195,SICRANA MARINHO DE FURTADO,1999-12-27,FEMININO,768095308209509,30603495258,(16) 94682-7075,0,2024-12-30 11:50:00,0,0,0001234567,ESF  1 ,2024-10-30,0001234567,ESF  1 ,0,2026-08-01
701196,CICRANA LACERDA QUEIROZ,2010-10-09,FEMININO,874730280314103,49405654081,(17) 97890-8125,0,2026-05-29 12:50:00,0,0,0001234568,ESF 2,2026-02-15,0001234568,ESF 2,1,2026-08-01
701197,FULANO PEIXOTO DE ZAMBONI,1988-04-10,MASCULINO,726017049007202,67020984721,(13) 95843-6023,0,2026-06-05 12:15:00,1,0,0001234568,ESF 2,2023-08-20,0001234568,ESF 2,0,2026-08-01
701198,CICRANA ZAMBONI,1946-09-25,FEMININO,823825943973923,28527559049,(14) 92450-9839,0,2026-04-14 15:30:00,0,0,0001234570,ESF 4,2024-07-11,0001234570,ESF 4,0,2026-08-01
701199,SICRANO SAMPAIO PORTELA,1953-12-17,MASCULINO,890985092265344,01001720599,(18) 97041-3822,0,2025-03-13 13:50:00,0,0,0001234567,ESF  1 ,2024-11-07,0001234567,ESF  1 ,0,2026-08-01
701200,FULANA NOGUEIRA ZAMBONI,1939-08-16,FEMININO,741670231834972,27796802618,(15) 92554-9329,0,2024-10-11 15:20:00,0,0,0001234572,ESF 5,2026-06-01,0001234572,ESF 5,2,2026-08-01
